MSOA,Median_HP,Borough,Inner,Area,Political,Pop_Density,Aged_65Plus,OnePerson_HH,Born_UK,Owned,Unemployed,Obesity,Female_LE
E02000001,485000,City of London,Inner,Central,Other,2624,14.54,56.37,63.32,42.3,3.76,13.7,88.4
E02000002,182250,Barking and Dagenham,Outer,East,Labour,3170,16.15,30,76.15,46.4,11.77,29.8,80.1
E02000003,205500,Barking and Dagenham,Outer,East,Labour,4771,12.74,27.1,71.61,65.2,9.11,28.3,85.6
E02000004,205000,Barking and Dagenham,Outer,East,Labour,2530,15.93,26.27,85.6,72.8,9.29,26.9,80.7
E02000005,167000,Barking and Dagenham,Outer,East,Labour,7289,11.19,25.38,75.04,58.3,9.72,29.7,79.9
E02000007,172500,Barking and Dagenham,Outer,East,Labour,5229,11.39,30.92,75.74,40.1,13.09,29,79.5
E02000008,162000,Barking and Dagenham,Outer,East,Labour,8190,11.59,30.45,76.4,45.7,11.1,29.1,80.9
E02000009,172247.5,Barking and Dagenham,Outer,East,Labour,9227,8.99,27.93,71.07,45.9,11.12,27.6,83.8
E02000010,163000,Barking and Dagenham,Outer,East,Labour,7901,10.06,27.37,75.84,45.3,10.23,29.5,82
E02000011,171500,Barking and Dagenham,Outer,East,Labour,3960,13.88,25.12,74.59,66.5,8.61,29,77.1
E02000012,260000,Barking and Dagenham,Outer,East,Labour,7731,11.77,24.28,67.65,69.2,7.35,24.9,84.2
E02000013,172250,Barking and Dagenham,Outer,East,Labour,6494,10.54,27.46,75.14,46,9.88,30.3,80.6
E02000014,163000,Barking and Dagenham,Outer,East,Labour,7958,11.15,26.25,74.71,43.9,11,30.4,79.6
E02000015,130000,Barking and Dagenham,Outer,East,Labour,5632,10.16,35.96,72.84,30.9,13.93,30.9,81
E02000016,132500,Barking and Dagenham,Outer,East,Labour,9276,3.24,27.44,41.6,22.6,11.84,26.4,82.5
E02000017,210000,Barking and Dagenham,Outer,East,Labour,9962,8.55,21.77,49.51,56.9,9.04,24.5,86.2
E02000018,161000,Barking and Dagenham,Outer,East,Labour,6648,9.22,26.61,71.57,38.8,11.76,29,84.1
E02000019,165500,Barking and Dagenham,Outer,East,Labour,2796,9.5,23.99,72.14,46.3,10.34,30.5,80.8
E02000020,215000,Barking and Dagenham,Outer,East,Labour,2833,10.02,28.35,60.39,42.9,11.32,27,81.3
E02000021,160000,Barking and Dagenham,Outer,East,Labour,2854,10.17,26.55,66.64,53.9,9.58,30.5,78
E02000022,130000,Barking and Dagenham,Outer,East,Labour,11963,4.07,28.18,50.36,14.8,15.54,30.6,87.3
E02000023,165000,Barking and Dagenham,Outer,East,Labour,3737,5.69,30.07,63.41,29.5,13.15,30.2,83.5
E02006799,177000,Barking and Dagenham,Outer,East,Labour,8796,10.55,26.88,72.94,45.9,11.55,29.1,79
E02000024,380000,Barnet,Outer,North,Conservative,2778,17.39,29.81,78.76,74,4.51,17.4,85.1
E02000025,307500,Barnet,Outer,North,Conservative,3357,15.28,37.19,76.67,62.7,5.81,19.4,85
E02000026,342500,Barnet,Outer,North,Conservative,4401,16.46,27.48,75.27,76,5.17,19.2,87.6
E02000027,299975,Barnet,Outer,North,Conservative,5823,15.12,27.31,72.97,52.6,8.46,23.9,86.3
E02000028,369375,Barnet,Outer,North,Conservative,5953,15.82,25.52,74.57,71.7,5.01,18.6,84.4
E02000029,319000,Barnet,Outer,North,Conservative,5131,12.67,30,76.88,63.6,7,20.5,85.9
E02000030,675000,Barnet,Outer,North,Conservative,632,19.4,23.17,75.91,77.7,5.09,19.2,82.8
E02000031,441500,Barnet,Outer,North,Conservative,3844,19.29,26.98,66.4,67.4,4.38,17,84.1
E02000032,437000,Barnet,Outer,North,Conservative,5651,16.84,19.44,67.62,85.8,4.65,18.3,85.6
E02000033,305000,Barnet,Outer,North,Conservative,4882,13.48,28.16,70.45,66.8,8.21,22.1,82.4
E02000034,275000,Barnet,Outer,North,Conservative,5574,15.09,28.18,67.45,64.3,5.9,18.4,84.3
E02000035,327500,Barnet,Outer,North,Conservative,6276,16.18,34.07,58.36,55.6,5.49,15,83.2
E02000036,342500,Barnet,Outer,North,Conservative,6064,13.62,24.51,63.72,65.2,6.5,21.1,84.7
E02000037,299500,Barnet,Outer,North,Conservative,2315,14.86,20.28,66.73,65.3,6.2,19.7,88.3
E02000038,384000,Barnet,Outer,North,Conservative,6160,12.35,28.45,64.61,63.4,6.03,18.1,81.2
E02000039,331250,Barnet,Outer,North,Conservative,3157,14.61,23.78,68.85,72.9,4.03,16.2,88.4
E02000040,402550,Barnet,Outer,North,Conservative,1397,14.49,26.16,65.68,56.4,7.34,17.9,87.7
E02000041,300000,Barnet,Outer,North,Conservative,6784,13.8,24.58,57.55,60.4,6.12,18.7,83.2
E02000042,276500,Barnet,Outer,North,Conservative,9014,13.92,33.5,53.6,53,6,15.3,82
E02000043,527722,Barnet,Outer,North,Conservative,5330,14.06,18.75,58.63,71,4.74,14.8,83.9
E02000044,250000,Barnet,Outer,North,Conservative,7388,9.85,21.63,60.87,47.1,8.32,22.6,83.2
E02000045,245500,Barnet,Outer,North,Conservative,6031,9.18,31.02,63.88,50.2,7.66,20.6,83.2
E02000046,365260,Barnet,Outer,North,Conservative,7484,12.05,28.88,54.75,50.3,5.51,13.6,81.7
E02000047,234000,Barnet,Outer,North,Conservative,8090,10.19,25.97,50.79,40.8,8.73,23.9,82.6
E02000048,365000,Barnet,Outer,North,Conservative,3232,14.41,27.85,61.81,68.6,5.07,16,88.2
E02000049,237500,Barnet,Outer,North,Conservative,11027,7.13,27.01,53.15,19.4,11.53,26,88.1
E02000050,289500,Barnet,Outer,North,Conservative,4854,12.05,27.59,62.14,50.6,6.5,17.4,86.3
E02000051,435000,Barnet,Outer,North,Conservative,6086,17.75,31.72,57.29,58.7,5.33,14.1,87.4
E02000052,382500,Barnet,Outer,North,Conservative,10296,11.78,32.07,65.06,51.6,5.16,15.2,85.3
E02000053,261075,Barnet,Outer,North,Conservative,6026,7.96,31.57,42.82,43.2,6.49,19.2,83.6
E02000054,250000,Barnet,Outer,North,Conservative,4901,11.12,29.6,47.95,54,5.63,15.3,87.6
E02000055,357500,Barnet,Outer,North,Conservative,7920,13.21,28.74,48.97,45.8,5.27,15.1,83.6
E02000056,960000,Barnet,Outer,North,Conservative,2859,17.18,24.57,66.62,69.9,3.58,13,84.6
E02000057,365000,Barnet,Outer,North,Conservative,6924,11.78,21.06,55.79,54.9,6.36,15.3,84.3
E02000058,612500,Barnet,Outer,North,Conservative,5776,16.13,30.27,60.41,62.2,4.57,12.8,88.3
E02000059,246000,Barnet,Outer,North,Conservative,4842,10.65,30.63,45.36,45.5,7.95,20.7,84.4
E02000060,570000,Barnet,Outer,North,Conservative,9090,12.71,26.38,56.89,49.3,5.67,13.2,85.6
E02000061,889500,Barnet,Outer,North,Conservative,5181,14.4,30.36,49.13,50.8,5.28,12.2,83.5
E02000062,300000,Barnet,Outer,North,Conservative,3532,9.21,30.08,49.21,36.3,8.84,20.3,80.3
E02000063,320000,Barnet,Outer,North,Conservative,6895,11.41,27.41,43.85,53.5,7.93,16.4,84.8
E02000064,360000,Barnet,Outer,North,Conservative,8102,12.52,31.8,52.34,41.5,8.1,16.8,80.7
E02000065,149000,Bexley,Outer,East,Conservative,2480,5.38,25.77,59.74,51.1,10.78,28.6,79.5
E02000066,151500,Bexley,Outer,East,Conservative,6147,10.17,32.83,64.63,35.8,12.05,28.8,80.3
E02000067,145000,Bexley,Outer,East,Conservative,3881,11.05,32.79,77.43,57.8,8.3,27.5,84.9
E02000068,156000,Bexley,Outer,East,Conservative,3295,9,32.65,73.73,47.1,9.99,26.8,83
E02000069,176000,Bexley,Outer,East,Conservative,4289,17.77,29.9,82.69,70.8,6.5,25.9,84.2
E02000070,227000,Bexley,Outer,East,Conservative,4249,19.48,26.38,87.34,81.6,4.96,27,83.3
E02000071,187000,Bexley,Outer,East,Conservative,6277,13.68,23.29,89.63,76.9,5.52,27.8,84
E02000072,155500,Bexley,Outer,East,Conservative,2726,9.06,30.52,80.22,40.9,12.49,30.2,81.6
E02000073,250000,Bexley,Outer,East,Conservative,6685,18.02,20.54,88.89,89.2,4.44,26.3,86.9
E02000074,157000,Bexley,Outer,East,Conservative,6880,15.53,32.75,87.5,51.9,8.46,30.6,81.7
E02000075,250000,Bexley,Outer,East,Conservative,5158,22.28,23.49,90.89,88.2,3.84,26.4,83.6
E02000077,235000,Bexley,Outer,East,Conservative,7064,16.29,22.37,87.47,80.8,4.71,26.9,83.8
E02000078,207000,Bexley,Outer,East,Conservative,5213,16.94,22.99,92.62,86.6,4.18,28.1,82.9
E02000079,220000,Bexley,Outer,East,Conservative,4752,19.78,30.39,87.59,78.3,4.43,25.1,81.4
E02000080,236000,Bexley,Outer,East,Conservative,5534,17.5,25.26,85.47,81,5.85,25.4,84.8
E02000081,210000,Bexley,Outer,East,Conservative,3407,20.25,30.23,91.31,76.5,5.84,26.3,85.5
E02000082,237000,Bexley,Outer,East,Conservative,6004,16.14,22.2,89.83,89.8,4.43,28.7,84.7
E02000083,180000,Bexley,Outer,East,Conservative,2685,14.56,30.84,89.75,70.4,6.5,27.5,84.4
E02000084,249995,Bexley,Outer,East,Conservative,4080,18.83,25.02,89.86,86.1,4.3,25.2,86.1
E02000085,221000,Bexley,Outer,East,Conservative,4924,16.07,25.32,91.7,85,4.18,27.1,84.5
E02000086,249475,Bexley,Outer,East,Conservative,4986,16.52,21.12,92.52,89.9,3.75,27.7,85.1
E02000087,261000,Bexley,Outer,East,Conservative,2044,22.54,27.56,90.92,84.8,3.75,21.8,85.3
E02000088,254975,Bexley,Outer,East,Conservative,3876,19.32,21.75,91.88,88.9,3.57,25.9,83.9
E02000089,285000,Bexley,Outer,East,Conservative,5739,19.51,20.9,92.73,88.1,4.06,25.5,81.2
E02000090,210000,Bexley,Outer,East,Conservative,4907,21.23,38.24,89.57,70.9,4.63,21.8,81.3
E02000091,235000,Bexley,Outer,East,Conservative,3604,22.22,36.71,89.05,69.3,4.79,21.4,84.9
E02000092,203500,Bexley,Outer,East,Conservative,1105,16.25,31.96,89.42,55.1,7.44,26.5,81.6
E02006785,214000,Bexley,Outer,East,Conservative,4739,18.56,27.89,85.35,73.5,7.08,22.6,84.2
E02000093,319000,Brent,Outer,West,Labour,7897,13.36,19.25,43.1,63.8,6.28,21.2,82.8
E02000094,319950,Brent,Outer,West,Labour,7561,11.8,19.98,44.93,58.4,6.73,20.8,84.7
E02000095,379000,Brent,Outer,West,Labour,6371,14.64,19.96,40,59.9,7.73,20,85.4
E02000096,425000,Brent,Outer,West,Labour,4507,18.55,20.02,49.07,75.4,5.37,16.9,87.6
E02000097,310000,Brent,Outer,West,Labour,4812,13.21,21.7,45.08,63.1,7.25,22.8,88.1
E02000098,356800,Brent,Outer,West,Labour,4335,13.76,24.28,43.89,53.7,7.16,17.6,80.7
E02000099,310000,Brent,Outer,West,Labour,6721,10.54,19.91,42.66,51.8,7.04,18.2,87
E02000100,369950,Brent,Outer,West,Labour,4029,14.38,26.34,47.47,65.5,4.78,16,79.2
E02000101,232500,Brent,Outer,West,Labour,6757,12.01,28.41,43.53,37.5,9.56,21.3,81.3
E02000102,261250,Brent,Outer,West,Labour,5731,9.85,25,44.63,45.8,10.84,22.6,88.6
E02000103,287500,Brent,Outer,West,Labour,4948,12.32,25.25,46.58,47.4,9.33,21,87
E02000104,280000,Brent,Outer,West,Labour,6118,15.26,23.77,42.78,58.1,7.49,19,83.6
E02000105,210000,Brent,Outer,West,Labour,6891,10.13,23.42,40.07,49.4,7.38,20.6,85.8
E02000106,307000,Brent,Outer,West,Labour,7761,9.36,26.18,41.13,42,9.97,22.1,84.3
E02000107,321500,Brent,Outer,West,Labour,11555,8.35,31.07,45.04,35.9,7.64,16.4,83
E02000108,240000,Brent,Outer,West,Labour,8091,11.48,23.43,39.52,54.8,7.12,22.9,83.3
E02000109,245000,Brent,Outer,West,Labour,5189,10.72,23.65,38.26,47,8.31,24,84.8
E02000110,500000,Brent,Outer,West,Labour,10421,10.05,27.55,48.09,45.7,7.25,16.3,86.9
E02000111,260000,Brent,Outer,West,Labour,8926,10.38,19.42,33.68,50.8,6.83,22.5,83.5
E02000112,291500,Brent,Outer,West,Labour,7499,10.8,20.26,33.5,51.9,7.6,24.6,83.8
E02000113,245250,Brent,Outer,West,Labour,6616,8.57,26.5,52.04,22.2,13.55,30.7,84.7
E02000114,307500,Brent,Outer,West,Labour,15023,7.91,31.26,46.61,30.6,7.64,16.6,86.1
E02000115,381500,Brent,Outer,West,Labour,9892,10.33,41.68,53.29,31.9,6.82,15.2,83.2
E02000116,278375,Brent,Outer,West,Labour,7798,7.47,31.84,41.58,22.1,9.92,22.2,82.7
E02000117,238000,Brent,Outer,West,Labour,13669,9.53,33.57,47.43,22.4,14.04,28.6,82.7
E02000118,222500,Brent,Outer,West,Labour,7870,9.13,20.25,34.77,52.1,7.52,21.9,85.8
E02000119,226000,Brent,Outer,West,Labour,2947,8.8,32.31,50.01,12.9,14.24,31.1,83.1
E02000120,416250,Brent,Outer,West,Labour,18477,9.04,38.37,53.22,33.5,6.38,17.9,82.5
E02000121,210000,Brent,Outer,West,Labour,6710,10.26,18.41,30.77,53.1,6.75,22.7,83.7
E02000122,710000,Brent,Outer,West,Labour,6658,13.28,29.08,56.52,54.4,5.91,16.3,86
E02000123,310000,Brent,Outer,West,Labour,14416,7.1,35.16,45.06,24,11.86,24.7,84.9
E02000124,375000,Brent,Outer,West,Labour,9308,8.6,32.63,57.78,41,6.06,17.8,84.7
E02000125,423750,Brent,Outer,West,Labour,14137,10.45,31.05,55.43,48.4,6.74,20.5,85
E02000126,305000,Brent,Outer,West,Labour,16881,9.12,41.44,50.42,11.9,14.58,28.1,84.8
E02000127,195000,Bromley,Outer,South,Conservative,3895,14.55,33.55,84.37,51.6,9.18,26.4,81.9
E02000128,285000,Bromley,Outer,South,Conservative,2873,16.15,29.01,88.74,73.9,4.44,22.7,82.5
E02000130,279997.5,Bromley,Outer,South,Conservative,5432,12.11,34.99,75.2,58.9,7.02,21.6,82.5
E02000131,185000,Bromley,Outer,South,Conservative,5224,6.19,47.07,69.21,38.7,8.06,21.4,82.9
E02000132,246250,Bromley,Outer,South,Conservative,5132,15.21,48.46,78.67,53.1,5.74,17.8,82.7
E02000133,499999.5,Bromley,Outer,South,Conservative,1630,22.24,27.47,85.8,84.9,3.33,16.2,83.1
E02000134,248000,Bromley,Outer,South,Conservative,5659,13.76,40.27,81.08,57.4,5.71,17.4,81.1
E02000135,177500,Bromley,Outer,South,Conservative,8607,8.99,41.55,69.81,25.3,11.88,26.5,81.8
E02000136,253997.5,Bromley,Outer,South,Conservative,1254,22.4,29.54,87.22,72.5,5.85,22.7,82.1
E02000137,263750,Bromley,Outer,South,Conservative,4323,19.15,38.33,82.46,72.8,3.86,17.3,81.4
E02000138,275000,Bromley,Outer,South,Conservative,3891,23,42.62,81.44,72.2,3.37,16,87.2
E02000139,286250,Bromley,Outer,South,Conservative,4844,10.95,33.7,84.46,67.1,4.73,21.8,84.6
E02000140,200000,Bromley,Outer,South,Conservative,4292,13.19,33.54,88.56,45.9,9.39,27.4,81.9
E02000141,241500,Bromley,Outer,South,Conservative,7562,10.76,36.96,79.63,64.6,7.37,23.8,83.7
E02000142,277750,Bromley,Outer,South,Conservative,4699,16.65,27.54,84.09,76.4,4.09,20.1,81.5
E02000144,296000,Bromley,Outer,South,Conservative,4481,14.49,33.41,78.84,68,5.06,17.9,87.1
E02000145,169975,Bromley,Outer,South,Conservative,736,13.1,31.72,85.59,50.4,9.65,28.4,81.9
E02000146,245000,Bromley,Outer,South,Conservative,4783,15.59,32.98,86.38,73.3,4.43,21,81.7
E02000147,440000,Bromley,Outer,South,Conservative,3565,20.72,27.21,86.22,85.7,3.88,17.9,89.1
E02000148,377500,Bromley,Outer,South,Conservative,2359,20.99,24.57,87.87,84.5,3.9,19.9,90.1
E02000149,215000,Bromley,Outer,South,Conservative,4154,15.98,29.95,89.09,67.1,7.03,25.3,83.1
E02000150,340000,Bromley,Outer,South,Conservative,2768,15.62,23.38,87.22,81.6,3.95,23.5,86.8
E02000151,430000,Bromley,Outer,South,Conservative,3606,22.09,20.77,89.54,91.4,3.38,20.7,87.4
E02000152,305000,Bromley,Outer,South,Conservative,2664,14.9,27.98,86.17,61.2,8.01,24.5,83.9
E02000153,385000,Bromley,Outer,South,Conservative,3462,17.46,19.97,92.25,92.6,3.16,22.3,88.5
E02000154,275000,Bromley,Outer,South,Conservative,3870,18.32,27.79,87.05,76,4.5,20.8,85.8
E02000155,249995,Bromley,Outer,South,Conservative,3816,24.57,31.67,89.88,82.2,5.63,25.5,83.4
E02000156,375000,Bromley,Outer,South,Conservative,3155,21.62,25.38,90.22,85.3,3.48,20.9,84
E02000157,320000,Bromley,Outer,South,Conservative,3281,24.6,26.79,90.72,90.6,3.45,20.5,89
E02000158,250000,Bromley,Outer,South,Conservative,3451,21,24.39,88.38,71.7,6.76,22.7,86.9
E02000159,382000,Bromley,Outer,South,Conservative,1181,22.05,24.08,89.75,88.1,3.67,21.3,87.5
E02000160,358000,Bromley,Outer,South,Conservative,942,18.17,23.32,91.85,86.8,4.06,21.9,83.7
E02000161,294500,Bromley,Outer,South,Conservative,4926,18.71,25.41,88.87,90.6,3.57,21.9,86.5
E02000162,291500,Bromley,Outer,South,Conservative,528,24.21,31.71,90.35,74.1,4.5,22.4,86.2
E02000163,320000,Bromley,Outer,South,Conservative,677,21.7,23.7,92.2,84.5,3.59,22.3,86.3
E02000165,233000,Bromley,Outer,South,Conservative,1258,13.75,20.44,94.69,87.8,4.17,27.4,84.9
E02006782,250000,Bromley,Outer,South,Conservative,2964,17.2,28.08,82.71,69.8,6.68,23.7,83
E02006787,311000,Bromley,Outer,South,Conservative,5119,13.72,26.76,86.36,78.4,4.74,21.8,84.4
E02006789,321000,Bromley,Outer,South,Conservative,286,23.89,25.66,94.6,84.5,4.29,25.1,85.6
E02000166,425000,Camden,Inner,Central,Labour,2664,16.01,36.92,71.97,45.1,6.5,16.5,84.5
E02000167,717500,Camden,Inner,Central,Labour,3699,18.52,38.03,61.9,55.6,3.34,11.2,87.3
E02000168,437500,Camden,Inner,Central,Labour,12317,12.11,36.04,71.95,42,5.47,15.2,78.6
E02000169,1167500,Camden,Inner,Central,Labour,6627,17.03,32.94,55.19,55.5,3.75,11.7,83.6
E02000170,570000,Camden,Inner,Central,Labour,10863,10.5,35.31,57.84,44.6,5.01,12.6,83.9
E02000171,613750,Camden,Inner,Central,Labour,15671,12.34,37.41,65.17,43.3,5.72,14.2,89
E02000172,375000,Camden,Inner,Central,Labour,15819,10.31,37.24,64.99,21.8,9.6,21.3,80.9
E02000173,897250,Camden,Inner,Central,Labour,10068,12.23,40.54,48.12,39.5,4.07,12,85.3
E02000174,382500,Camden,Inner,Central,Labour,16038,9.97,37.6,63.35,30.7,6.63,16.7,82.3
E02000175,499950,Camden,Inner,Central,Labour,12713,8.86,40.31,55.98,32.6,5.31,13.2,83.3
E02000176,665000,Camden,Inner,Central,Labour,16654,12.86,46.49,51.01,45.8,3.53,12,86.9
E02000177,427500,Camden,Inner,Central,Labour,17680,11.7,36.22,64.39,26.2,8.56,17.9,80.6
E02000178,400000,Camden,Inner,Central,Labour,16504,9.23,42.71,54.62,26.9,7.42,16.9,81.9
E02000179,740000,Camden,Inner,Central,Labour,17093,12.14,39.97,56.45,36.5,6.95,13.9,83.3
E02000180,435000,Camden,Inner,Central,Labour,16174,8.79,37.39,62.41,29.1,7.07,16.1,84.3
E02000181,585000,Camden,Inner,Central,Labour,14435,9.34,36.78,54.37,42.5,3.76,12.1,84.6
E02000182,575000,Camden,Inner,Central,Labour,8871,13.95,35.57,44.89,38.2,6.07,14.2,84.1
E02000183,695000,Camden,Inner,Central,Labour,10246,14.57,45.76,62.77,39,4.8,15.1,85.6
E02000184,339950,Camden,Inner,Central,Labour,13180,7.93,35.13,58.32,20.3,9.11,18.7,82.7
E02000185,385000,Camden,Inner,Central,Labour,18153,12.66,45.51,51.17,20.7,9.6,18.9,80.1
E02000186,645000,Camden,Inner,Central,Labour,6766,10.46,41.08,55.17,27.7,6.08,15.9,83.2
E02000187,363789,Camden,Inner,Central,Labour,8825,10.3,37.11,57.61,12,10.73,22.2,81.6
E02000188,329500,Camden,Inner,Central,Labour,16700,8.94,36.72,54.87,13.7,10.44,19.5,80.9
E02000189,420000,Camden,Inner,Central,Labour,20349,7.91,40.3,49.41,12.6,11.32,16.7,81.9
E02000190,370000,Camden,Inner,Central,Labour,20980,9.8,54.92,50.35,20.9,8.82,14.1,81.8
E02000191,642000,Camden,Inner,Central,Labour,12827,6.9,50.38,45.8,25,4.31,11.5,83.7
E02000192,462500,Camden,Inner,Central,Labour,17058,9.71,44.62,57.61,20.1,8.48,17.6,86.6
E02000193,499000,Camden,Inner,Central,Labour,7291,10.33,55.82,51.56,28.8,5.46,13.7,82.7
E02000194,235000,Croydon,Outer,South,Conservative,6404,10.4,40.52,71,47.3,8.41,21.4,80.5
E02000195,306000,Croydon,Outer,South,Conservative,4808,14.45,25.62,62.85,71.6,6.39,23.2,81.9
E02000196,298250,Croydon,Outer,South,Conservative,6133,13.35,24.05,57.41,58.6,9.12,23.7,81.3
E02000197,249500,Croydon,Outer,South,Conservative,9347,12.52,27.51,55.66,53.5,7.68,23.5,84.2
E02000198,190000,Croydon,Outer,South,Conservative,9159,8.69,35.35,64.34,49.4,10.13,29.2,81
E02000199,215000,Croydon,Outer,South,Conservative,9871,8.75,26.73,64.51,64.9,9.55,29.3,83.2
E02000200,184950,Croydon,Outer,South,Conservative,6736,9.76,40.67,67,53.4,10.1,25.1,80.8
E02000201,158225,Croydon,Outer,South,Conservative,9974,8.43,40.61,66.34,37.7,11.81,28.1,84.5
E02000202,220000,Croydon,Outer,South,Conservative,11626,11.95,25.36,52.64,67.6,8.5,27.2,82.9
E02000203,185000,Croydon,Outer,South,Conservative,9801,10.58,34.75,55.25,45.8,9.32,29.5,80.4
E02000204,229550,Croydon,Outer,South,Conservative,8667,11.37,22.82,52.62,62.7,8.59,25.3,83.7
E02000206,181975,Croydon,Outer,South,Conservative,6692,9.21,34.97,64.05,42.3,11.04,28.4,83.2
E02000207,187750,Croydon,Outer,South,Conservative,7454,8.08,32.02,73.06,47.9,10.49,28.8,79.7
E02000208,170000,Croydon,Outer,South,Conservative,11517,7.36,31.07,54.57,34.6,9.85,27.4,79.9
E02000209,182000,Croydon,Outer,South,Conservative,8381,7.8,22.85,53.97,56.7,8.77,29,85.6
E02000210,221000,Croydon,Outer,South,Conservative,10809,8.59,29.16,73.19,65.6,7.29,26.3,82.6
E02000211,282500,Croydon,Outer,South,Conservative,4855,19.14,27.63,82.25,84.7,4.85,24.1,87
E02000212,185000,Croydon,Outer,South,Conservative,6925,7.24,23.75,52.22,45.6,9.07,27.7,84.4
E02000213,170000,Croydon,Outer,South,Conservative,9330,7.32,36.9,54.83,28.1,11.18,23.3,79.7
E02000214,275000,Croydon,Outer,South,Conservative,6145,15.55,22.27,77.42,79.9,4.95,23.1,83.7
E02000215,198000,Croydon,Outer,South,Conservative,10569,10.93,41.9,60.32,42.5,7.31,20,81.4
E02000216,235500,Croydon,Outer,South,Conservative,2981,19.79,37.95,56.14,55.3,5.77,14.3,82
E02000217,195000,Croydon,Outer,South,Conservative,7120,7.48,33.89,65.58,45.3,7.7,23.2,83.2
E02000218,298500,Croydon,Outer,South,Conservative,5993,12.1,18.7,76.3,58.2,8.32,26.4,84.3
E02000219,325000,Croydon,Outer,South,Conservative,1347,22.57,25.14,82.47,88.7,4.12,21.3,84.4
E02000220,181500,Croydon,Outer,South,Conservative,6751,9.55,44.01,63.19,34.6,7.24,18.4,79.5
E02000221,214250,Croydon,Outer,South,Conservative,3602,11.31,29.77,70.37,48.4,7.77,23.7,78.7
E02000222,208000,Croydon,Outer,South,Conservative,4349,11.65,34.02,76.33,60.5,5.85,19.1,86.8
E02000223,164500,Croydon,Outer,South,Conservative,8776,8.92,18.3,79.31,27.7,14.33,29.7,78.6
E02000224,220650,Croydon,Outer,South,Conservative,6075,10.59,32.91,76.72,61.9,6.08,19.7,86.7
E02000225,185000,Croydon,Outer,South,Conservative,4725,12.39,20.86,85.99,55.6,9.17,29.9,81.8
E02000226,326000,Croydon,Outer,South,Conservative,2328,19.93,20.31,81.75,90.6,4.25,21.8,90
E02000227,210000,Croydon,Outer,South,Conservative,2518,15.16,32.36,85.96,74.7,5.4,26.8,86.1
E02000228,400000,Croydon,Outer,South,Conservative,2451,22.14,22.16,84.54,88.5,3.71,17.9,86.8
E02000229,180750,Croydon,Outer,South,Conservative,4950,13.44,26.44,85.44,40.4,11.62,30.3,79.1
E02000230,307500,Croydon,Outer,South,Conservative,3894,16.27,28.65,76.06,70.8,5.02,18.7,84.2
E02000231,532500,Croydon,Outer,South,Conservative,2303,17.71,15.73,78.1,87.9,4.19,17.5,80.8
E02000232,312375,Croydon,Outer,South,Conservative,1430,19.49,21.34,88.48,83.1,4.67,24.4,82.1
E02000233,250000,Croydon,Outer,South,Conservative,3933,14.58,25.3,81.66,73.6,6.42,22.8,80.1
E02000234,300000,Croydon,Outer,South,Conservative,2642,15.28,26.73,81.38,68.8,6.04,22.3,84.9
E02000235,300000,Croydon,Outer,South,Conservative,1327,15.49,21.83,85.13,79.9,5.19,21.7,83.4
E02000236,315000,Croydon,Outer,South,Conservative,2169,15.24,20.44,88.29,87.8,4.46,23.9,86.3
E02000237,307500,Croydon,Outer,South,Conservative,1532,22.48,26.83,89.27,80.6,5.68,24.1,84.9
E02006788,214300,Croydon,Outer,South,Conservative,5487,8.82,26.28,75.11,54,8.71,28.5,80.1
E02000238,250000,Ealing,Outer,West,Labour,6402,9.73,22.9,51.4,62.7,6.8,23.7,84.4
E02000239,300000,Ealing,Outer,West,Labour,3855,13.03,18.95,45.26,70.4,6.25,20,87.5
E02000240,249000,Ealing,Outer,West,Labour,6030,10.47,25.97,57.18,48.2,9.01,25.7,84.7
E02000241,253500,Ealing,Outer,West,Labour,5203,11.69,23.25,53.5,66.6,6.33,22.6,86.2
E02000242,289000,Ealing,Outer,West,Labour,7795,10.48,19.2,41.37,63.7,7.05,18.6,82.9
E02000243,230000,Ealing,Outer,West,Labour,3018,12.42,27.05,49.49,54.6,7.39,20.5,81.4
E02000244,274000,Ealing,Outer,West,Labour,4076,11.71,26.07,45.15,63.2,5.62,18.3,87.1
E02000245,189000,Ealing,Outer,West,Labour,5014,8.99,33.33,57.01,35,11.46,26,83.5
E02000246,228500,Ealing,Outer,West,Labour,4268,10.16,26.57,60.4,47.7,10.7,26.6,81.2
E02000247,197500,Ealing,Outer,West,Labour,7424,11.18,28.66,52.73,47.8,8.79,23.8,81
E02000248,310000,Ealing,Outer,West,Labour,4290,11.84,30.6,40.14,47.8,6.21,13.7,84.6
E02000249,263750,Ealing,Outer,West,Labour,6116,13.1,27.13,48.88,53.6,7.57,19.8,83.1
E02000250,550000,Ealing,Outer,West,Labour,6488,15.12,28.1,66.78,72.6,4.07,12.5,87.6
E02000251,260000,Ealing,Outer,West,Labour,8374,11.02,18.06,44.6,70.1,7.53,18.8,83.6
E02000252,249975,Ealing,Outer,West,Labour,3081,7.96,31.93,45,32.8,8.65,19.8,85.1
E02000253,275000,Ealing,Outer,West,Labour,8371,12.8,32.4,56.56,42.3,9.02,21.1,83
E02000254,247475,Ealing,Outer,West,Labour,8583,11.36,15.76,43.97,68.9,7.8,21.3,80.2
E02000255,355000,Ealing,Outer,West,Labour,6114,11.8,28.35,59.67,55.6,6.94,16.5,83.5
E02000256,316000,Ealing,Outer,West,Labour,8159,12.08,34.06,56.55,47,5.13,11.8,84.4
E02000257,340000,Ealing,Outer,West,Labour,6192,11.66,36.51,50.64,41.7,5.23,11.4,84.6
E02000258,420000,Ealing,Outer,West,Labour,6629,10.02,30.66,50.48,45.1,6.76,15.7,85.2
E02000259,333000,Ealing,Outer,West,Labour,4948,10.78,23,60.74,64.1,5.1,13.9,86.7
E02000260,240000,Ealing,Outer,West,Labour,8119,12.01,19.37,39.43,56.9,8.82,18.1,83.6
E02000261,326200,Ealing,Outer,West,Labour,8392,9.65,31.9,46.99,37.9,7.15,18.5,84.6
E02000262,342500,Ealing,Outer,West,Labour,12831,9.56,38.21,51.83,37.1,7.03,14.2,86
E02000263,230000,Ealing,Outer,West,Labour,9589,10.77,17.72,35.95,56.9,9.52,19.7,79.8
E02000264,325475,Ealing,Outer,West,Labour,5634,12.96,31.23,51.75,48.4,4.99,12.1,81.8
E02000265,330500,Ealing,Outer,West,Labour,10784,9.96,36.74,55.98,40.9,7.27,16.4,81.7
E02000266,237500,Ealing,Outer,West,Labour,3174,9.08,24.09,50.75,33.2,13.15,23.1,80.2
E02000267,335000,Ealing,Outer,West,Labour,9328,9.23,32.74,61.61,56,6.11,15.2,85.2
E02000268,469250,Ealing,Outer,West,Labour,6963,11.96,31.35,61.84,51.8,6.65,14,83.6
E02000269,475500,Ealing,Outer,West,Labour,9120,10.93,29.46,65.78,63.5,3.96,12.2,82.7
E02000270,325000,Ealing,Outer,West,Labour,10049,9.94,36.96,49.09,24.6,10.21,19.6,85.4
E02000271,750000,Ealing,Outer,West,Labour,8920,11.83,31.35,64.48,63.4,3.93,11.9,86.1
E02000272,467250,Ealing,Outer,West,Labour,5550,14.28,25.55,65.5,74,4.86,14.1,85.4
E02000274,220000,Ealing,Outer,West,Labour,9008,8.38,15.88,36.68,51.7,10.4,21.6,85.3
E02000275,247500,Ealing,Outer,West,Labour,6219,12.96,23.28,43.83,51.1,10.07,18.6,82.5
E02000276,361150,Ealing,Outer,West,Labour,7971,10.26,29.01,60.8,58.1,3.97,12.6,84
E02006791,427581,Ealing,Outer,West,Labour,9621,9.92,37.42,63.02,51.1,4.81,14.7,83.9
E02000277,220000,Enfield,Outer,North,Labour,6858,12.69,24.67,71.57,67.1,9.16,28.8,81.1
E02000278,209225,Enfield,Outer,North,Labour,6900,12.24,26.85,68.48,46.5,12.02,27.1,80.9
E02000279,207500,Enfield,Outer,North,Labour,4481,6.71,27.13,64.71,46.9,11.63,25.9,81.4
E02000280,284000,Enfield,Outer,North,Labour,542,15.2,28.65,82.18,65.4,6.41,22.3,84.1
E02000281,225000,Enfield,Outer,North,Labour,4629,11.75,29.82,74.78,55.8,9.09,26.3,80.6
E02000282,190250,Enfield,Outer,North,Labour,7235,8.44,28.79,63.95,38.9,13.55,29.5,81.1
E02000283,230000,Enfield,Outer,North,Labour,7395,10.55,18.54,68.02,62.7,10.47,27.9,86.6
E02000284,250000,Enfield,Outer,North,Labour,6446,14.46,32.03,81.91,67.2,6.05,20.1,85.6
E02000285,310000,Enfield,Outer,North,Labour,6672,16.75,22.1,83.6,86.2,5.28,22.8,84.6
E02000286,250000,Enfield,Outer,North,Labour,3993,19.82,39.87,79.49,70.1,4.81,17.5,87.1
E02000287,690000,Enfield,Outer,North,Labour,761,20.98,26.34,71.93,74.3,5.09,16.8,84.6
E02000288,205000,Enfield,Outer,North,Labour,5047,10.64,26.96,59.19,50.3,10.74,24.3,80.9
E02000289,429950,Enfield,Outer,North,Labour,1942,20.58,21.27,76.6,85.1,5.4,19,89
E02000290,156000,Enfield,Outer,North,Labour,1511,7.92,31.27,58.17,33.6,13.19,26.4,83.3
E02000291,219000,Enfield,Outer,North,Labour,7970,14.62,37.32,72.31,55.2,8.09,21.6,82
E02000292,245119,Enfield,Outer,North,Labour,5137,12.02,24.79,72.36,72.3,7.27,24.1,85.5
E02000293,450000,Enfield,Outer,North,Labour,2943,20.87,25.51,79.82,83.8,4.61,19.1,85.8
E02000294,220000,Enfield,Outer,North,Labour,5954,11.75,23.06,58.4,60.6,9.3,25.8,82.4
E02000295,307500,Enfield,Outer,North,Labour,5273,16.24,28.5,69.72,68.1,6.76,17.4,82.7
E02000296,265000,Enfield,Outer,North,Labour,5424,15.18,30.98,62.95,52.7,7.25,17.7,84.2
E02000297,358500,Enfield,Outer,North,Labour,5687,18.08,24.12,74.78,85.3,4.53,22.4,86.2
E02000298,480000,Enfield,Outer,North,Labour,4026,16.35,24.55,76.32,77.6,4.06,17.6,84.3
E02000299,204500,Enfield,Outer,North,Labour,10773,10.58,29.2,53.86,50.3,10.66,27.9,80.5
E02000300,215032.5,Enfield,Outer,North,Labour,10691,9.86,27.99,54.39,54.5,10.41,28.4,81.9
E02000301,187500,Enfield,Outer,North,Labour,5662,9.06,30.87,54.52,38.1,12.75,27.3,81.8
E02000302,335000,Enfield,Outer,North,Labour,5276,14.69,26.61,63.33,68.6,7.23,22.3,84.7
E02000303,233500,Enfield,Outer,North,Labour,6929,9.68,30.45,57.66,38.5,13.34,26.4,81.6
E02000304,485000,Enfield,Outer,North,Labour,4693,16.9,22.6,69.93,77.9,4.5,17,83.4
E02000305,280000,Enfield,Outer,North,Labour,9151,12.29,29.79,65.41,61.9,5.67,16.1,80.7
E02000306,166000,Enfield,Outer,North,Labour,4530,8.33,32.69,52.46,20.9,15.5,29.1,80.6
E02000307,247500,Enfield,Outer,North,Labour,9066,11.4,19.8,53.89,66.5,9.9,25.9,85.7
E02000308,330000,Enfield,Outer,North,Labour,6836,12.74,25.72,56.68,54.2,7.48,19.7,83.8
E02000309,200000,Enfield,Outer,North,Labour,6627,8.22,25.55,50.8,44.7,11.87,28.7,79.7
E02000311,250000,Enfield,Outer,North,Labour,7185,11.43,24.73,52.32,58.5,8.96,23.5,83.7
E02000312,300000,Enfield,Outer,North,Labour,8364,11.19,30.38,55.66,53,6.62,18.2,82.8
E02006793,180500,Enfield,Outer,North,Labour,9301,7.75,29.59,51.35,30.5,13.08,27.1,76
E02000313,164995,Greenwich,Outer,East,Labour,9250,6.7,34.87,63.14,22.7,11.67,25.8,77.9
E02000314,161500,Greenwich,Outer,East,Labour,4342,3.94,24.51,55.7,38.6,10.19,24,77.9
E02000315,162500,Greenwich,Outer,East,Labour,7698,9.93,30.84,67.2,37.6,12.29,25.7,80.1
E02000316,207500,Greenwich,Outer,East,Labour,5906,5.07,40.78,58.24,18.5,8.72,24.4,80.2
E02000317,152400,Greenwich,Outer,East,Labour,13093,7.27,31.47,63.56,19.8,14.24,25.3,79.3
E02000318,171000,Greenwich,Outer,East,Labour,9225,8.44,26.87,49.8,43.5,11.02,24.6,81.8
E02000319,190000,Greenwich,Outer,East,Labour,12132,6.31,29.13,55.25,35.4,11.78,23.1,77
E02000320,184497.5,Greenwich,Outer,East,Labour,4664,8.87,28.41,69.13,53.7,9.25,27.2,82.7
E02000321,197500,Greenwich,Outer,East,Labour,11782,8.62,35.11,61.56,23.6,12.2,27.8,79.6
E02000323,187500,Greenwich,Outer,East,Labour,14376,6.42,32.67,54.24,24,12.59,23.1,80.8
E02000324,249000,Greenwich,Outer,East,Labour,5698,12,31.21,67.2,32.4,9.92,20.5,77.1
E02000326,337250,Greenwich,Outer,East,Labour,9937,9.18,30.56,70.85,50.6,6.59,18.3,82.1
E02000327,181500,Greenwich,Outer,East,Labour,3809,5,30.59,64.41,18.4,12.08,27,85.2
E02000328,375000,Greenwich,Outer,East,Labour,7668,14.9,40.1,75.66,46.8,5.64,15.1,81.5
E02000329,180500,Greenwich,Outer,East,Labour,3546,12.53,27.83,76.81,61.1,8.96,25.3,86.6
E02000331,227500,Greenwich,Outer,East,Labour,8078,11.15,33.13,71.14,43.3,7.71,23.2,81.6
E02000332,237500,Greenwich,Outer,East,Labour,3640,12.96,30.32,75.64,67,7.72,22.2,83.6
E02000333,355000,Greenwich,Outer,East,Labour,4985,15.76,40.1,78.35,53.2,3.92,14.2,82.9
E02000334,245000,Greenwich,Outer,East,Labour,4711,13.04,30.56,74.49,58.6,7.33,21.7,85.4
E02000335,250000,Greenwich,Outer,East,Labour,5102,16.4,26.55,86.43,77.5,5.02,22.3,83.4
E02000337,220000,Greenwich,Outer,East,Labour,5718,12.63,25.98,81.01,46.3,9.29,25.1,80.7
E02000339,283500,Greenwich,Outer,East,Labour,4829,18.23,33.29,85.7,68.6,5.61,18.2,87
E02000340,247000,Greenwich,Outer,East,Labour,1866,21.57,38.09,81.88,67.1,5.8,20.9,84.4
E02000341,187000,Greenwich,Outer,East,Labour,4275,12.65,28.34,79.57,40,10.67,26.2,82.5
E02000342,219000,Greenwich,Outer,East,Labour,4745,11.75,32.14,83.02,50.9,6.76,21.7,84.3
E02000343,239000,Greenwich,Outer,East,Labour,5328,17.06,32.31,83.76,55.6,7.86,25.7,85.4
E02000344,268250,Greenwich,Outer,East,Labour,4883,17.64,26.45,84.97,76.2,5.14,23.7,81.6
E02006786,188000,Greenwich,Outer,East,Labour,5749,9.47,28.66,70.53,52.3,10.66,27.2,82.9
E02006927,283750,Greenwich,Outer,East,Labour,3254,16.11,31.34,74.06,57.6,7.81,22.7,81.6
E02006928,264600,Greenwich,Outer,East,Labour,14438,4.02,36.31,59.56,21.2,8.43,17.7,82.6
E02006929,308750,Greenwich,Outer,East,Labour,3133,8.11,34.98,63.44,30,6.49,18.1,85
E02006930,371000,Greenwich,Outer,East,Labour,7770,8.31,32.75,70.98,44.8,5.26,18.1,85
E02006931,329950,Greenwich,Outer,East,Labour,4728,10.96,35.38,69.78,39.7,5.38,17.7,82.6
E02000345,326475,Hackney,Inner,East,Labour,14875,6.46,27.03,64.37,27.8,9.97,21.9,84.3
E02000346,302500,Hackney,Inner,East,Labour,10412,8.97,36.87,48.65,11.3,13.26,25.9,86.8
E02000347,319950,Hackney,Inner,East,Labour,11798,7.48,30.73,68.51,27.3,9.61,20.6,85.6
E02000348,317500,Hackney,Inner,East,Labour,14700,6.42,31.42,60.59,19.7,12.19,25.2,83.5
E02000350,325000,Hackney,Inner,East,Labour,17176,5.5,31.32,65.26,32.5,7.31,18.5,83.7
E02000351,318997.5,Hackney,Inner,East,Labour,16487,5.83,35.76,60.03,29.3,5.31,16.9,85.2
E02000352,321612.5,Hackney,Inner,East,Labour,9089,8.99,34.88,69.69,31.5,7.06,18.8,82.8
E02000353,575000,Hackney,Inner,East,Labour,14083,6.71,30.33,67.61,41.4,5.78,17.3,83.5
E02000354,290000,Hackney,Inner,East,Labour,12623,7.59,39.03,58.79,21.4,12.43,23.4,79.4
E02000355,390000,Hackney,Inner,East,Labour,13333,8.12,32.56,60.71,38.3,10.5,20.1,78.9
E02000356,467500,Hackney,Inner,East,Labour,18315,6.37,32.51,69.33,40.3,6.36,16,86
E02000357,240500,Hackney,Inner,East,Labour,4231,9.78,36.26,53.02,14,16.53,30.3,84
E02000358,345500,Hackney,Inner,East,Labour,18105,7.37,34.03,59.5,26.9,8.86,23,83.9
E02000359,405000,Hackney,Inner,East,Labour,15319,8.06,28.06,61.54,40.1,10.78,23.5,80.8
E02000360,268250,Hackney,Inner,East,Labour,21129,7.07,35.58,56.25,15.2,12.1,25.6,82.4
E02000361,310500,Hackney,Inner,East,Labour,13248,6.29,38.3,60.25,20.3,10.73,22,83.7
E02000362,249250,Hackney,Inner,East,Labour,4953,8.35,36.1,64.33,22.8,11.71,23.2,77.5
E02000363,227497.5,Hackney,Inner,East,Labour,18447,7.53,34.78,57.72,14.4,16.44,28.4,83.4
E02000364,425000,Hackney,Inner,East,Labour,13760,8.11,35.47,67.85,31,8.75,20,88.9
E02000365,365000,Hackney,Inner,East,Labour,13875,8.31,35.82,61.31,25.8,6.96,20.9,80.7
E02000366,439250,Hackney,Inner,East,Labour,13479,8.97,40,69.79,22.5,10.08,22.3,85.1
E02000367,365000,Hackney,Inner,East,Labour,13687,4.55,31.59,64.14,24.7,7.98,20.9,85.5
E02000368,302500,Hackney,Inner,East,Labour,15166,7.97,36.47,58.79,18.5,12.15,26.9,81.6
E02000369,325000,Hackney,Inner,East,Labour,18328,6.94,35.84,56.86,14.8,10.55,26.7,81.4
E02000370,402500,Hackney,Inner,East,Labour,17385,6.41,38.77,56.03,17.6,11.51,23.9,81.3
E02000371,408273,Hackney,Inner,East,Labour,13007,4.41,40.85,53.08,16.2,7.03,20.4,80.8
E02006918,215000,Hackney,Inner,East,Labour,15504,5.63,35.43,56.42,18.5,13.46,25.4,84.7
E02006921,240000,Hackney,Inner,East,Labour,17383,6.78,35.03,60.87,17,12.98,25.4,84.7
E02000372,320000,Hammersmith and Fulham,Inner,West,Conservative,2610,8.92,37.32,54.28,20.2,9.89,21.9,84.2
E02000373,238749.5,Hammersmith and Fulham,Inner,West,Conservative,16079,8.13,26.51,50.72,14.1,13.55,26.5,82.7
E02000374,495000,Hammersmith and Fulham,Inner,West,Conservative,13302,10.49,28.53,59.17,37.2,7.46,16.3,87.9
E02000375,381000,Hammersmith and Fulham,Inner,West,Conservative,9197,8.62,42.14,53.03,24.1,8.79,17.5,89
E02000376,369475,Hammersmith and Fulham,Inner,West,Conservative,16726,7.31,39.21,53.35,24.5,7.59,17.2,84.1
E02000377,344975,Hammersmith and Fulham,Inner,West,Conservative,18323,8.86,40.08,57.95,30.3,7.73,17.1,85.7
E02000378,345000,Hammersmith and Fulham,Inner,West,Conservative,22012,8.65,43.01,53.47,34.5,6.12,15.6,88.5
E02000379,420000,Hammersmith and Fulham,Inner,West,Conservative,11170,11.01,36.58,60.44,41.8,6.73,14.1,86.5
E02000380,635000,Hammersmith and Fulham,Inner,West,Conservative,16438,9.46,36.26,64.32,42.9,4.67,14.8,92.7
E02000381,522500,Hammersmith and Fulham,Inner,West,Conservative,13942,8.62,38.35,58.1,37.4,5.11,14.3,88.4
E02000382,475000,Hammersmith and Fulham,Inner,West,Conservative,9822,9.56,39,60.3,36.8,7.11,14.9,82.5
E02000383,418500,Hammersmith and Fulham,Inner,West,Conservative,15332,10.56,41.9,45.28,33.5,6.71,14,82.7
E02000384,435000,Hammersmith and Fulham,Inner,West,Conservative,9247,11.49,39.59,57.36,21.7,8.46,17.4,80.7
E02000385,424500,Hammersmith and Fulham,Inner,West,Conservative,15100,6.51,42.34,52.11,35.2,4.24,12.4,85.9
E02000386,342500,Hammersmith and Fulham,Inner,West,Conservative,18373,8.58,37.38,53.99,21.8,9.33,18.1,82.3
E02000387,410000,Hammersmith and Fulham,Inner,West,Conservative,15021,8.85,42.77,55.99,26.3,6.25,17.4,86.9
E02000388,495000,Hammersmith and Fulham,Inner,West,Conservative,15121,10.47,39.55,55.25,30,4.83,13.7,81.4
E02000389,567250,Hammersmith and Fulham,Inner,West,Conservative,13091,11.55,32.85,61.91,50.6,4.02,13.4,85.9
E02000390,667575,Hammersmith and Fulham,Inner,West,Conservative,18071,8.88,35.46,61.24,38,6,14.4,82.2
E02000391,855005.5,Hammersmith and Fulham,Inner,West,Conservative,11418,11.22,38.34,61.06,43.7,5.26,12.3,85.6
E02000392,582582,Hammersmith and Fulham,Inner,West,Conservative,16913,7.5,33.33,59.88,36.3,5.72,13.7,83.2
E02000393,591500,Hammersmith and Fulham,Inner,West,Conservative,16681,8.84,31.58,61.68,49.4,3.88,12.7,86.6
E02000394,599950,Hammersmith and Fulham,Inner,West,Conservative,11772,8.73,38.13,58.79,32.7,6.17,16.4,84
E02000395,702000,Hammersmith and Fulham,Inner,West,Conservative,6061,13.4,37.04,63,52.5,4.06,11.6,88.8
E02000396,550000,Hammersmith and Fulham,Inner,West,Conservative,10434,9.78,30.64,63.7,41,6.07,15.1,84.9
E02000397,245000,Haringey,Inner,North,Labour,14309,8.74,35.28,48.66,34.5,9.62,17.9,83.8
E02000398,164000,Haringey,Inner,North,Labour,6129,7.82,32.84,46.44,24.5,17.39,31.3,82.3
E02000400,356000,Haringey,Inner,North,Labour,5825,9.94,29.53,58.85,42.5,7.54,18.6,80
E02000401,229750,Haringey,Inner,North,Labour,9132,9.09,23.22,57.13,33.2,12.46,27.5,78.2
E02000402,205000,Haringey,Inner,North,Labour,7086,8.02,26.89,53.58,26.4,12.88,26.4,83.2
E02000403,250000,Haringey,Inner,North,Labour,8795,7.94,31.18,44.2,38,7.94,17.5,87.1
E02000404,264500,Haringey,Inner,North,Labour,11721,8.86,26.4,47.45,37.3,9.75,22,81.7
E02000405,401000,Haringey,Inner,North,Labour,3673,10.04,25.18,74.18,68.4,5.18,14.7,84.6
E02000406,257000,Haringey,Inner,North,Labour,15645,8.29,27.39,50.8,32.6,10.04,22.4,82.7
E02000407,190000,Haringey,Inner,North,Labour,14479,8.41,33.15,43.78,28.1,10.44,27,86.4
E02000408,175000,Haringey,Inner,North,Labour,15283,7.87,28,46.18,25.5,13,28.5,80.9
E02000409,276250,Haringey,Inner,North,Labour,9236,9.31,32.73,46.5,26,12.86,27.8,82.3
E02000410,356500,Haringey,Inner,North,Labour,8903,10.6,33.57,72.25,54.5,5.1,13.2,84.5
E02000411,225000,Haringey,Inner,North,Labour,5792,7.15,29.39,46.74,36.7,10.75,28.6,82.3
E02000412,250000,Haringey,Inner,North,Labour,9196,8.44,36.48,45.76,24.1,9.89,20.8,84.8
E02000413,603000,Haringey,Inner,North,Labour,6112,11.42,29.92,74.68,55.9,5.19,14.3,83.6
E02000414,250000,Haringey,Inner,North,Labour,17846,8.32,28.14,45.18,44.7,10.62,24,81.4
E02000415,279050,Haringey,Inner,North,Labour,9920,10.22,31.66,44.32,40.8,8.28,18.3,85
E02000416,319000,Haringey,Inner,North,Labour,12080,9.19,37.6,65.83,33.8,8.83,17.8,81.9
E02000417,435000,Haringey,Inner,North,Labour,6185,11.49,32.75,71.67,52.6,4.65,12.8,83.6
E02000418,480000,Haringey,Inner,North,Labour,7787,12.89,27.7,77.62,68.1,4.58,12.8,88.3
E02000419,323500,Haringey,Inner,North,Labour,13010,7.53,31.69,48.67,36.6,7.76,16.9,85.7
E02000420,238000,Haringey,Inner,North,Labour,12920,8.99,36.2,44.47,31.2,11.35,24.1,82.1
E02000421,196250,Haringey,Inner,North,Labour,9204,8.01,34.92,45.62,22.2,11.27,25.8,80.6
E02000422,247500,Haringey,Inner,North,Labour,14671,8.24,31.17,44.46,33.1,10.6,25.2,81.5
E02000423,277500,Haringey,Inner,North,Labour,12459,8.51,27.23,46.28,43.1,7.28,18.8,83.9
E02000424,360000,Haringey,Inner,North,Labour,10886,7.28,33.03,70.05,46.6,7.41,15.2,85.1
E02000425,242497.5,Haringey,Inner,North,Labour,13450,6.89,24.29,56.01,36.6,7.93,21.9,82.7
E02000426,467500,Haringey,Inner,North,Labour,3001,15.44,32.27,67.91,52.7,3.88,13.5,84.9
E02000427,339550,Haringey,Inner,North,Labour,6488,7.39,32.48,52.39,38.3,6.77,16.6,82.1
E02000428,245500,Haringey,Inner,North,Labour,12174,8.1,33.54,46.61,27.1,10.46,25,82.8
E02000429,439000,Haringey,Inner,North,Labour,7045,11.39,38.01,69.32,56.4,4.26,12,84.5
E02000430,375000,Haringey,Inner,North,Labour,11362,7,37.29,71.83,44.1,4.91,13.2,84.6
E02000431,387500,Haringey,Inner,North,Labour,10949,10.11,36.58,67.94,48,3.87,11.8,87.7
E02000432,349950,Haringey,Inner,North,Labour,12092,7.13,33.83,66.38,38.9,6.13,16.3,81.9
E02006794,199950,Haringey,Inner,North,Labour,10711,8.08,34.83,46.54,16.9,15.22,28,82.7
E02000433,375000,Harrow,Outer,West,Labour,1231,26.76,32.64,65.52,67.1,4.15,16.7,87.5
E02000434,340000,Harrow,Outer,West,Labour,4499,17.19,24.67,58.19,68.3,5.36,17.6,85
E02000435,331000,Harrow,Outer,West,Labour,4193,18.81,24.45,64.4,62.5,6.74,20.3,82.4
E02000436,495000,Harrow,Outer,West,Labour,1222,22.87,19.52,67.64,87.6,3.52,16.9,86.3
E02000437,325000,Harrow,Outer,West,Labour,6221,17.42,24.63,63.1,72.6,6.19,21.4,85.1
E02000438,261250,Harrow,Outer,West,Labour,4560,17.41,26.99,65.41,59.6,8.4,19.3,82.5
E02000439,305000,Harrow,Outer,West,Labour,7854,12.32,21.32,44.39,62.4,7.47,19.9,86.9
E02000440,370000,Harrow,Outer,West,Labour,6423,13.84,14.93,58.34,80.9,5.52,19.4,84.7
E02000441,307500,Harrow,Outer,West,Labour,2945,19.07,29.29,65.49,64.4,6.04,18.8,86.7
E02000442,291500,Harrow,Outer,West,Labour,7747,10.27,12.6,40.86,68.9,6.53,21.8,83.2
E02000443,250000,Harrow,Outer,West,Labour,9754,11.08,23.85,52.1,54.5,9.17,22.1,81.1
E02000444,335000,Harrow,Outer,West,Labour,7911,12.66,17.19,47.13,71.4,6.33,20.3,84.5
E02000445,246950,Harrow,Outer,West,Labour,8330,10.5,23.37,49.67,53,8.72,21.7,82.4
E02000447,365000,Harrow,Outer,West,Labour,3298,15.12,18.87,61.86,73.8,6.17,18.3,84.5
E02000448,470000,Harrow,Outer,West,Labour,3938,20.43,28.39,72.62,74.7,4.19,15.4,87.2
E02000449,305000,Harrow,Outer,West,Labour,9154,11.85,17.58,42.57,57.9,7.31,22.1,85.3
E02000451,377000,Harrow,Outer,West,Labour,4133,17.52,20.59,61.82,82.8,4.33,16.8,85.2
E02000452,227000,Harrow,Outer,West,Labour,7358,8.91,25.34,47.92,48.9,6.85,16.6,82.6
E02000453,226500,Harrow,Outer,West,Labour,7467,11.76,24.64,54.49,62.7,5.67,16.7,87.1
E02000454,448975,Harrow,Outer,West,Labour,4518,16.95,18.2,70.26,86.9,4.27,16.9,88.7
E02000455,250000,Harrow,Outer,West,Labour,6612,12.27,29.98,47.95,45.3,6.61,17,82.8
E02000456,310000,Harrow,Outer,West,Labour,7633,12.56,22.49,56.58,63.2,5.89,16.9,82.8
E02000457,351500,Harrow,Outer,West,Labour,5462,17.08,18.59,58.76,75.3,5.62,18.3,86.9
E02000459,205000,Harrow,Outer,West,Labour,7105,11.2,28.49,49.22,48.5,7.54,18.8,84.3
E02000460,232500,Harrow,Outer,West,Labour,7706,9.39,20.92,52.49,47.7,8.51,22.7,85.9
E02000461,319950,Harrow,Outer,West,Labour,2690,10.9,30.83,59.65,55.7,4.79,15,85.4
E02000462,252500,Harrow,Outer,West,Labour,6764,13.21,22.13,48.37,64.4,7.13,20.3,84.1
E02000463,260750,Harrow,Outer,West,Labour,9164,10.31,19.3,55.27,60,7.88,24.4,84.8
E02006795,299975,Harrow,Outer,West,Labour,8441,12.77,17.01,49.3,72.9,5.79,19.8,85.3
E02006882,347000,Harrow,Outer,West,Labour,6707,14.59,13.84,47.6,76.7,6.04,20.7,82.9
E02000464,180000,Havering,Outer,East,Conservative,1116,18.14,32.19,91.09,59.7,9.41,28.8,78.7
E02000465,178000,Havering,Outer,East,Conservative,2884,13.01,33.26,89.75,52.2,10.05,30.1,85.2
E02000466,200000,Havering,Outer,East,Conservative,1330,16.05,26.09,90.89,66.3,7.81,29.8,80.5
E02000467,155000,Havering,Outer,East,Conservative,7234,11.75,38,86.52,39.6,13.43,30.4,81.7
E02000468,207500,Havering,Outer,East,Conservative,1954,18.58,26.65,90.75,77.2,6.59,28.6,82.6
E02000469,172000,Havering,Outer,East,Conservative,3845,16.08,31.61,86.17,57.6,9.83,31.1,82.4
E02000470,235000,Havering,Outer,East,Conservative,1171,21.13,31.78,91.16,78.9,5.39,24.7,85.5
E02000471,271000,Havering,Outer,East,Conservative,3483,23.61,22.49,93.66,93.2,4.35,28.2,84.8
E02000472,231000,Havering,Outer,East,Conservative,5873,17.84,25.03,91.57,82.4,5.1,29.9,83.5
E02000473,245000,Havering,Outer,East,Conservative,3382,18.05,26.22,91.75,83.8,3.99,26.4,83.8
E02000474,195000,Havering,Outer,East,Conservative,3845,17.11,30.59,89.06,69.6,6.75,26.4,82.9
E02000475,250000,Havering,Outer,East,Conservative,3290,19.24,30.36,89.84,73.3,4.57,23.7,83.4
E02000476,170000,Havering,Outer,East,Conservative,5559,13.8,42.03,79.82,44.2,7.97,24.3,82.9
E02000477,250000,Havering,Outer,East,Conservative,5383,18.62,24.4,92.97,87,3.9,26.8,83.2
E02000478,465000,Havering,Outer,East,Conservative,2371,24.79,20.83,84.06,89.9,3.36,23.5,83.9
E02000479,214250,Havering,Outer,East,Conservative,6071,12.94,35.28,84.8,65.8,7.02,27.3,83.1
E02000480,170000,Havering,Outer,East,Conservative,3015,13.11,27.04,81.29,68.4,7.42,27.6,79.7
E02000481,250000,Havering,Outer,East,Conservative,640,25.71,29.87,94.24,84.5,4.76,25.6,81.3
E02000482,343000,Havering,Outer,East,Conservative,2259,24.43,25.29,93.57,92.3,2.69,22.4,86.7
E02000483,240000,Havering,Outer,East,Conservative,4763,21.97,35.93,92.76,68.1,5.74,26.2,82.8
E02000484,236500,Havering,Outer,East,Conservative,4459,16.43,24.84,92.43,84.5,5.12,27.9,85.6
E02000485,250000,Havering,Outer,East,Conservative,3866,19.33,29.6,91.01,80.3,4.86,25.2,84.9
E02000486,223000,Havering,Outer,East,Conservative,5773,20.81,27.87,91.2,84,4.64,27.9,82.9
E02000487,415000,Havering,Outer,East,Conservative,606,23.19,19.87,95.61,94.7,3.46,22.7,83.8
E02000488,249950,Havering,Outer,East,Conservative,4046,20.15,23.63,93.68,91.7,4.3,28.2,86
E02000489,215000,Havering,Outer,East,Conservative,3057,18.02,27.1,87.71,73.2,6.91,28.9,83.8
E02000490,205000,Havering,Outer,East,Conservative,3834,21.08,27.11,90.79,78.9,6.07,29.2,83.1
E02000491,190000,Havering,Outer,East,Conservative,1852,16.42,31.14,86.98,63.7,9.27,30.1,80.3
E02000492,227500,Havering,Outer,East,Conservative,447,23.46,25.95,92.75,87.8,4.64,28.6,84.1
E02000493,180000,Havering,Outer,East,Conservative,4869,12.81,27.88,85.46,65.5,8.97,29.3,83.2
E02000494,447500,Hillingdon,Outer,West,Conservative,1200,22.24,29.28,66.92,70.2,3.94,15.9,86.9
E02000495,315000,Hillingdon,Outer,West,Conservative,3554,18.36,34.63,69.86,61.2,5.37,18.1,83.9
E02000496,250000,Hillingdon,Outer,West,Conservative,490,17.34,29.89,86.74,64.2,5.17,23.3,81.7
E02000497,340000,Hillingdon,Outer,West,Conservative,3261,17.21,27.7,78.93,70.3,4.79,21.7,86.2
E02000498,317500,Hillingdon,Outer,West,Conservative,1936,18.75,30.89,85.5,74.1,4.2,24,86.4
E02000499,365000,Hillingdon,Outer,West,Conservative,4848,20.39,23.56,80.48,83.1,4.05,21.7,86.7
E02000500,350000,Hillingdon,Outer,West,Conservative,2700,19.97,24.54,81.2,75.1,3.58,18.6,85.6
E02000501,312000,Hillingdon,Outer,West,Conservative,5758,16.38,24.31,83.35,81.9,4.48,22.6,83.7
E02000502,280000,Hillingdon,Outer,West,Conservative,1890,15.92,27.64,79.67,72.2,3.91,20,83.8
E02000503,285000,Hillingdon,Outer,West,Conservative,6597,12.25,21.14,84.55,83,3.34,25.7,86.7
E02000504,375000,Hillingdon,Outer,West,Conservative,2407,21.37,24.14,86.25,85.3,3.66,20.5,89.4
E02000506,445000,Hillingdon,Outer,West,Conservative,1385,19.91,21.54,77.74,84.4,3.37,19.9,83.6
E02000507,254000,Hillingdon,Outer,West,Conservative,2978,11.76,18.61,78.61,76.8,4.97,25.3,83.6
E02000508,209550,Hillingdon,Outer,West,Conservative,3582,9.39,35.25,70.13,51,4.54,19.3,84.7
E02000509,227000,Hillingdon,Outer,West,Conservative,5191,7.7,32.2,66.2,46.2,5.59,18.1,82.9
E02000510,255500,Hillingdon,Outer,West,Conservative,4129,14.46,23.47,73.99,67.5,5.56,24.7,80.9
E02000511,250000,Hillingdon,Outer,West,Conservative,4041,13.4,19.37,70.91,73.2,5.81,26.1,81.6
E02000512,227500,Hillingdon,Outer,West,Conservative,5799,12.3,25.84,71.77,51.3,7.78,26.1,83.1
E02000513,183500,Hillingdon,Outer,West,Conservative,6114,8.29,24.95,62.2,48.8,9.82,26.9,82.6
E02000514,240000,Hillingdon,Outer,West,Conservative,8428,9.95,17.35,51.83,67,7.9,23.6,84.4
E02000515,192500,Hillingdon,Outer,West,Conservative,3435,9.95,32,73.78,48.8,7.18,24.3,80.7
E02000516,239250,Hillingdon,Outer,West,Conservative,5174,7.58,19.28,56.23,58.1,7.74,23.9,85.2
E02000517,219950,Hillingdon,Outer,West,Conservative,5842,9.6,22.21,60.82,51.4,8.31,25.8,80.3
E02000518,242500,Hillingdon,Outer,West,Conservative,3468,11.48,23.39,75.59,52,7.31,24.8,80.8
E02000519,225000,Hillingdon,Outer,West,Conservative,4955,10.49,24.46,57.44,42.5,9.42,24.4,80.6
E02000520,250000,Hillingdon,Outer,West,Conservative,2710,9.31,21.7,53.63,50.6,9.53,25.5,80.6
E02000521,243000,Hillingdon,Outer,West,Conservative,4272,8.19,21.96,66.08,48.4,8.26,28.8,82.6
E02000522,237000,Hillingdon,Outer,West,Conservative,5668,12.25,24.87,72.73,52.7,6.73,24.9,82.3
E02000523,197437,Hillingdon,Outer,West,Conservative,6138,8.5,17.01,49.93,59.9,8,24.3,84.5
E02000524,217500,Hillingdon,Outer,West,Conservative,338,11.03,28.92,63.57,53.1,6.63,24.3,83.8
E02000525,197000,Hillingdon,Outer,West,Conservative,2259,9.13,23.93,51.8,48.8,7.26,24.5,83.9
E02006796,270000,Hillingdon,Outer,West,Conservative,2045,14.27,26.02,75.97,70,6.01,25.6,82.5
E02000526,750000,Hounslow,Outer,West,Labour,9056,11.65,31.59,65.68,56.5,4.07,13,80.9
E02000528,310000,Hounslow,Outer,West,Labour,4649,10.31,36.94,61.11,30.6,7.97,22.6,81.4
E02000529,226500,Hounslow,Outer,West,Labour,7196,9.93,21.83,45.71,53,8.42,19.7,87.2
E02000530,180000,Hounslow,Outer,West,Labour,2538,9.1,24.11,51.4,33.8,10.97,23.2,82.4
E02000531,312000,Hounslow,Outer,West,Labour,4018,10.96,37.39,63.39,45.7,5.43,20.3,83.4
E02000532,575000,Hounslow,Outer,West,Labour,4012,12.77,35.02,67.38,55.5,5.1,15.5,83.7
E02000533,448000,Hounslow,Outer,West,Labour,7846,12.55,36.35,70.24,53,3.98,14.4,82.3
E02000534,365000,Hounslow,Outer,West,Labour,1684,11.62,23.83,55.91,62.3,5.34,15.6,82.4
E02000535,285000,Hounslow,Outer,West,Labour,6020,12.15,18.06,44.91,62.4,7.44,18.4,83.8
E02000536,285000,Hounslow,Outer,West,Labour,5857,11.33,19.56,45.33,57.7,6.56,18.1,82
E02000537,355000,Hounslow,Outer,West,Labour,4689,12.55,19.64,38.7,61.4,5.31,14.8,88.5
E02000538,249475,Hounslow,Outer,West,Labour,3831,9.48,17.6,41.65,52,7.17,20.2,82.3
E02000539,281000,Hounslow,Outer,West,Labour,6646,9.02,29.57,64.55,49.4,5.61,19.7,78.6
E02000540,249999.5,Hounslow,Outer,West,Labour,7679,11.26,29.71,49.39,46.5,6.48,17.5,82.9
E02000541,259000,Hounslow,Outer,West,Labour,8429,11.39,21.4,40.8,39.8,7.4,19.6,79.6
E02000542,240000,Hounslow,Outer,West,Labour,9627,10.07,24.04,39.36,40.3,7.18,18.7,79.7
E02000543,228975,Hounslow,Outer,West,Labour,10747,7.18,22.3,38.43,39.4,6.28,18.8,84.6
E02000544,298500,Hounslow,Outer,West,Labour,6050,12.71,20.91,58.78,73.5,5.74,19.6,86.8
E02000545,262500,Hounslow,Outer,West,Labour,6367,10.28,29.95,65.85,43.7,6.82,20.5,80.8
E02000546,240000,Hounslow,Outer,West,Labour,4041,8.46,18.59,44.52,51.9,7.68,20.1,84.8
E02000547,222000,Hounslow,Outer,West,Labour,2967,12.26,26.39,65.35,58.7,5.6,27.4,82.1
E02000548,171000,Hounslow,Outer,West,Labour,2644,10.91,28.68,70.63,40.2,7.21,26.8,79.9
E02000549,224500,Hounslow,Outer,West,Labour,4544,13.13,23.42,66.37,64.1,6.19,26.8,77.5
E02000550,200000,Hounslow,Outer,West,Labour,11247,6.88,23.41,65.13,38.4,7.24,30.4,81.1
E02000551,205000,Hounslow,Outer,West,Labour,4140,10.15,29.63,67.79,38,8.82,26.5,82.2
E02000552,212000,Hounslow,Outer,West,Labour,2806,8.73,26.76,71.75,62.3,5.19,28.3,82.8
E02000553,224500,Hounslow,Outer,West,Labour,2630,13.18,27.79,77.43,63.2,6.41,30.4,84.1
E02006792,411000,Hounslow,Outer,West,Labour,5868,13.17,40.55,57.62,47.4,4.24,12.8,87.2
E02000554,298550,Islington,Inner,Central,Labour,14692,8.57,40.04,64.81,23.9,10.34,20.8,79
E02000555,357000,Islington,Inner,Central,Labour,15829,9.96,33.82,67.04,36.6,8.13,18.4,79.5
E02000556,319950,Islington,Inner,Central,Labour,15471,7.78,37.1,65.5,30.4,7.75,17.1,82
E02000557,390000,Islington,Inner,Central,Labour,11656,11.67,42.12,65.18,25.6,8.91,17.6,80.2
E02000558,240475,Islington,Inner,Central,Labour,18722,9.34,39.23,57.58,13.6,13.34,23,77.5
E02000559,436000,Islington,Inner,Central,Labour,15763,7.34,31.27,68.27,37.1,4.75,15.2,83.4
E02000560,330000,Islington,Inner,Central,Labour,14418,7.87,37.05,58.45,32.5,6.82,15,84.4
E02000561,425000,Islington,Inner,Central,Labour,12797,9.46,36.39,69.34,45,5.05,14,82.6
E02000562,385000,Islington,Inner,Central,Labour,12424,10.1,38.06,68.36,34.7,7.81,16.4,79.7
E02000563,302000,Islington,Inner,Central,Labour,14798,9.36,38.47,65.15,22.8,9.27,21,80.9
E02000564,378476,Islington,Inner,Central,Labour,13343,6.5,36.99,60.97,23.3,6.34,19.2,80
E02000565,325000,Islington,Inner,Central,Labour,16153,7.9,38.17,64.05,24.9,8.63,19.5,81.2
E02000566,567500,Islington,Inner,Central,Labour,11925,8.57,34.95,68.47,40.5,5.2,15,83.4
E02000567,416000,Islington,Inner,Central,Labour,15962,8.43,37.78,69.76,29.2,6.84,17.1,81.8
E02000568,350000,Islington,Inner,Central,Labour,11192,9.03,42.9,60.71,18.1,10.33,21.8,80.3
E02000569,492499.5,Islington,Inner,Central,Labour,14550,10.66,39.03,69.45,26.1,8.12,17.6,84
E02000570,582500,Islington,Inner,Central,Labour,14912,8.39,36.32,70.56,41.6,5.29,13.9,85.8
E02000571,451250,Islington,Inner,Central,Labour,16361,10.42,38.39,70.12,26.5,9.12,19.3,81.7
E02000572,312250,Islington,Inner,Central,Labour,18864,9.98,36.79,59.33,14.7,11.12,23.4,81.3
E02000573,585000,Islington,Inner,Central,Labour,12464,9.25,39.63,65.67,37.6,5.31,14.2,78.5
E02000574,554500,Islington,Inner,Central,Labour,14473,8.35,41.28,59.84,26.2,6.44,15.3,80.7
E02000575,587500,Islington,Inner,Central,Labour,13294,6.7,48.07,58.72,28.1,5.55,17,84.4
E02000576,448250,Islington,Inner,Central,Labour,12992,8.82,42.34,59.76,17.6,9.66,20.4,84
E02000577,327500,Kensington and Chelsea,Inner,Central,Conservative,8285,11.42,38.29,53.38,10.4,13.81,24.6,87.5
E02000578,500000,Kensington and Chelsea,Inner,Central,Conservative,11217,12.52,38.35,62.83,12.6,13.46,23.8,86.2
E02000579,660000,Kensington and Chelsea,Inner,Central,Conservative,13795,11.8,42.04,60.92,32.8,7.5,15.6,86.2
E02000580,600000,Kensington and Chelsea,Inner,Central,Conservative,21169,10.39,49.3,56.53,20.8,9.37,17.9,86.2
E02000581,443700,Kensington and Chelsea,Inner,Central,Conservative,17204,15.12,43.28,57.55,12.5,12.37,21,88.8
E02000582,950000,Kensington and Chelsea,Inner,Central,Conservative,14864,12.85,51.04,48.83,40.6,4.36,11.8,87
E02000583,950000,Kensington and Chelsea,Inner,Central,Conservative,12375,12.56,42.16,57.2,45.5,5.3,14,93
E02000584,1350000,Kensington and Chelsea,Inner,Central,Conservative,8768,13.76,44.14,47.24,47.7,3.7,11.2,93.3
E02000585,690000,Kensington and Chelsea,Inner,Central,Conservative,9107,12.5,40.32,44.75,44.8,5.58,12.2,90.9
E02000586,1673000,Kensington and Chelsea,Inner,Central,Conservative,14255,10.72,44.78,38.58,42.5,3.75,10.9,91.5
E02000587,1175000,Kensington and Chelsea,Inner,Central,Conservative,13871,14.06,40.89,40.85,47.9,3.78,12.1,89.5
E02000588,1620000,Kensington and Chelsea,Inner,Central,Conservative,10875,13.51,51.12,39,37,2.99,12.2,88.6
E02000589,895000,Kensington and Chelsea,Inner,Central,Conservative,21966,9.12,51.79,33.68,34.6,6.03,10.9,88.3
E02000590,547500,Kensington and Chelsea,Inner,Central,Conservative,15225,16.23,54.58,45.63,29.5,6.43,13.5,89.6
E02000591,700000,Kensington and Chelsea,Inner,Central,Conservative,17977,10.61,49.57,39.95,28.2,7.76,13.7,89.5
E02000592,1292500,Kensington and Chelsea,Inner,Central,Conservative,11695,11.44,50.13,37.69,41.7,3.2,10.9,90.7
E02000593,795000,Kensington and Chelsea,Inner,Central,Conservative,14367,11.09,48.19,41.57,39.4,5.58,11.3,91.2
E02000594,1175000,Kensington and Chelsea,Inner,Central,Conservative,9585,21.12,49.68,55.21,45.3,4,11.5,92.6
E02000595,900000,Kensington and Chelsea,Inner,Central,Conservative,11608,16.89,49.8,51.22,47.1,4.12,12.2,87.5
E02000596,765000,Kensington and Chelsea,Inner,Central,Conservative,14089,11.58,45.13,50.73,46.7,3.56,9.8,85.8
E02000597,619000,Kensington and Chelsea,Inner,Central,Conservative,17904,13.74,44.72,55.44,30,9.33,16.5,93.6
E02000598,445000,Kingston upon Thames,Outer,South,Other,5972,14.02,23.76,75.99,78,3.61,15.9,87.6
E02000599,800000,Kingston upon Thames,Outer,South,Other,1773,16.5,19.47,59.97,78.3,3.25,13.5,83.8
E02000600,351000,Kingston upon Thames,Outer,South,Other,7848,10.91,28.92,66.1,52.7,4.62,13.1,84.9
E02000601,413485,Kingston upon Thames,Outer,South,Other,10074,8.79,28.36,72.94,55.8,4.12,13.5,84.1
E02000602,302475,Kingston upon Thames,Outer,South,Other,9149,9.67,33.98,67.98,39.4,5.84,13.3,78.2
E02000603,262500,Kingston upon Thames,Outer,South,Other,6052,10.03,22.48,64.29,52.2,7.27,17.9,84.5
E02000604,342500,Kingston upon Thames,Outer,South,Other,5684,12.76,26.74,63.71,64.7,4.48,15.4,84
E02000605,349950,Kingston upon Thames,Outer,South,Other,5603,14.66,26.95,68.89,75.4,4.23,15.9,82.3
E02000606,320000,Kingston upon Thames,Outer,South,Other,6998,9.85,39.49,66.68,49.8,3.75,12,85.4
E02000607,359000,Kingston upon Thames,Outer,South,Other,4826,11.29,29.28,77.19,66.9,3.6,13.9,85.6
E02000608,329950,Kingston upon Thames,Outer,South,Other,8654,8.65,42.05,69.83,47.1,4.56,12.4,79.6
E02000609,365000,Kingston upon Thames,Outer,South,Other,5098,17.47,23.97,65.6,71.3,4.77,17,85.9
E02000610,270000,Kingston upon Thames,Outer,South,Other,7053,13.99,42.72,72.05,45.4,4.29,13.7,81.6
E02000611,450000,Kingston upon Thames,Outer,South,Other,4112,18.43,19.74,78.27,89.3,3.97,18.1,86.2
E02000612,368500,Kingston upon Thames,Outer,South,Other,4325,17.87,23.21,73.47,83.4,3.67,19.2,81.8
E02000613,280000,Kingston upon Thames,Outer,South,Other,6607,13.69,28.58,77.69,65.7,4.14,17,83.3
E02000614,262500,Kingston upon Thames,Outer,South,Other,2898,11.73,22.75,67.92,69.6,4.93,21.8,86.9
E02000615,250000,Kingston upon Thames,Outer,South,Other,4675,15.52,24.31,81.72,79.3,3.96,24.4,86.3
E02000616,237250,Kingston upon Thames,Outer,South,Other,4652,13.8,22.73,87.07,84.9,3.75,25,86.7
E02000617,245000,Kingston upon Thames,Outer,South,Other,1239,13.67,25.4,83.24,69.1,4.99,23.9,85.2
E02000619,328807.5,Lambeth,Inner,Central,Labour,15191,10.63,42.56,60.17,25.6,9.41,23,81.6
E02000620,445000,Lambeth,Inner,Central,Labour,13435,7.83,38.38,61.85,25.9,6.99,20.2,82.5
E02000621,396000,Lambeth,Inner,Central,Labour,14620,6.98,43.03,55.28,27,6.75,18.9,80
E02000622,312500,Lambeth,Inner,Central,Labour,10742,6.74,33.54,60.59,29.2,6.62,18.5,79.7
E02000623,250000,Lambeth,Inner,Central,Labour,17731,8.5,32.94,55.52,22.1,9.71,24.8,81.4
E02000624,320000,Lambeth,Inner,Central,Labour,14418,7.02,35.29,60.04,22.4,9.71,24.1,82.1
E02000625,270250,Lambeth,Inner,Central,Labour,15294,5.98,31.51,52.29,20.4,10.04,25.4,79.3
E02000626,248250,Lambeth,Inner,Central,Labour,15227,6.27,36.42,55.42,16.3,13.36,29.9,81.9
E02000627,333500,Lambeth,Inner,Central,Labour,18223,7.31,31.35,58.64,24.8,8.23,20.8,83.9
E02000628,239750,Lambeth,Inner,Central,Labour,14895,7.06,35.02,50.27,16.3,10.85,29.7,84.2
E02000629,386250,Lambeth,Inner,Central,Labour,14497,6.19,32.39,63.73,32.1,5.27,15.8,82.7
E02000630,427000,Lambeth,Inner,Central,Labour,10837,7.08,35.28,66.18,37.7,5.4,16,82.9
E02000631,348725,Lambeth,Inner,Central,Labour,8595,8.12,31.69,64.73,39.7,6.27,17.6,83.2
E02000632,365000,Lambeth,Inner,Central,Labour,18069,5.03,30.04,64.81,33.8,4.58,16.2,84.3
E02000633,286000,Lambeth,Inner,Central,Labour,14129,6.82,38.92,61.27,23.8,9.16,21.1,79.5
E02000634,400000,Lambeth,Inner,Central,Labour,13271,8.4,35.58,60.72,25.2,6.77,18.9,78.7
E02000635,337475,Lambeth,Inner,Central,Labour,7524,5.44,35.39,64.13,29.6,8.26,20.1,83.3
E02000636,498925,Lambeth,Inner,Central,Labour,8609,6.36,25.68,69.32,52.4,3.36,11.6,80.6
E02000637,345000,Lambeth,Inner,Central,Labour,15290,6.57,35.45,64.31,39.8,5.98,17.9,80.5
E02000638,295000,Lambeth,Inner,Central,Labour,14799,7.22,34.65,60.99,30.4,8.53,18.9,79.4
E02000639,193000,Lambeth,Inner,Central,Labour,13467,6.66,34.37,52.95,22.3,10.62,24.5,83.6
E02000640,462500,Lambeth,Inner,Central,Labour,11447,8.51,28.53,70.23,47.7,5.53,15.5,83.3
E02000641,270000,Lambeth,Inner,Central,Labour,14640,7.08,31.7,58.94,22.2,11.82,28.9,78.1
E02000642,290000,Lambeth,Inner,Central,Labour,8863,9.61,33.73,70.51,39.6,7.85,19,85.2
E02000643,312500,Lambeth,Inner,Central,Labour,12330,8.01,34.24,62.24,40.6,6.85,18.3,83
E02000644,285000,Lambeth,Inner,Central,Labour,9717,8.18,32.65,62.38,45.7,7.53,18.7,79.9
E02000645,299950,Lambeth,Inner,Central,Labour,8232,7.06,32.87,65.06,42.6,7.43,18.9,81.6
E02000646,261500,Lambeth,Inner,Central,Labour,10041,9.03,32.67,59.42,44.5,5.6,15.5,84.7
E02000647,290000,Lambeth,Inner,Central,Labour,8741,10.56,32.17,65.71,53.5,8.02,19,79.3
E02000648,250000,Lambeth,Inner,Central,Labour,11407,9.37,34.47,66.81,31.7,13.05,28.4,78.1
E02000649,246650,Lambeth,Inner,Central,Labour,11296,6.31,37.06,58.52,37.6,7.52,17.8,77.7
E02000650,267500,Lambeth,Inner,Central,Labour,9758,8.19,33.71,70.5,36.1,9.9,23.6,83.6
E02000651,272000,Lambeth,Inner,Central,Labour,8027,9.59,32.3,59.96,46.7,8.09,19.9,80.1
E02000652,250000,Lambeth,Inner,Central,Labour,11088,11.18,22.79,51.69,58.2,8.38,24.6,82.7
E02006801,442500,Lambeth,Inner,Central,Labour,7366,8.48,44.56,56.64,21.7,6.27,17.7,82.2
E02000653,275000,Lewisham,Inner,East,Labour,13033,5.14,34.25,54.49,17.8,10.09,27.5,79.8
E02000654,173500,Lewisham,Inner,East,Labour,8486,6.68,34.62,56.05,15.5,12.81,28.7,82.4
E02000655,206500,Lewisham,Inner,East,Labour,8747,5.7,35.18,54.86,29.3,9.63,25.3,76.4
E02000657,250000,Lewisham,Inner,East,Labour,10900,6.69,37.34,61.63,28.3,7.05,21.8,82.3
E02000658,270000,Lewisham,Inner,East,Labour,11075,8.11,34.2,63.06,31.9,7.76,21.4,86
E02000659,295000,Lewisham,Inner,East,Labour,7556,9.46,32.64,69.08,40,8.69,17.8,82.7
E02000660,250000,Lewisham,Inner,East,Labour,10288,5.93,36.1,64.94,34.8,6.95,20,81.8
E02000661,362000,Lewisham,Inner,East,Labour,5124,13.09,42.05,72.66,46.5,4.95,14.7,81.1
E02000662,253500,Lewisham,Inner,East,Labour,10870,6.21,30,63.12,31.4,8.03,26.9,80.2
E02000663,274750,Lewisham,Inner,East,Labour,11143,8.57,30.76,63.08,49.2,7.16,19.8,84
E02000664,214000,Lewisham,Inner,East,Labour,7276,8.7,39.69,56.52,27.1,9.49,22.7,79.8
E02000665,300000,Lewisham,Inner,East,Labour,10221,10.48,36.33,69.13,47.7,6.84,19.2,83.2
E02000666,270000,Lewisham,Inner,East,Labour,7804,9.37,29.66,66.03,49.3,7.03,22.9,80.9
E02000667,315000,Lewisham,Inner,East,Labour,9135,9.3,26.09,68.64,61.8,6.66,24,84.4
E02000668,302750,Lewisham,Inner,East,Labour,6690,12,31.82,73.46,61.1,5.51,20.3,82.3
E02000669,232000,Lewisham,Inner,East,Labour,11949,7.44,35.05,61.89,46,7.85,21.7,78.2
E02000670,184997.5,Lewisham,Inner,East,Labour,10703,8.88,35.81,60.48,42.9,10.05,27.7,85.9
E02000671,286250,Lewisham,Inner,East,Labour,8527,9.34,33.7,70.92,50.2,7.24,21.6,87.3
E02000672,245000,Lewisham,Inner,East,Labour,7380,8.95,38.53,63.18,40.4,9.95,24.1,78.9
E02000673,285000,Lewisham,Inner,East,Labour,7749,8.78,33.18,70.69,53,5.91,18.7,79.2
E02000674,247750,Lewisham,Inner,East,Labour,10037,10.99,27.85,68.58,67.2,8,27.3,82.6
E02000675,250000,Lewisham,Inner,East,Labour,5636,12.77,30.94,73.74,62,6.8,23.5,80.3
E02000676,266000,Lewisham,Inner,East,Labour,10534,9.04,31.12,70.31,52.6,6.5,21.9,82.7
E02000677,246250,Lewisham,Inner,East,Labour,6969,11.9,30.46,66.93,64.1,7.88,24.8,84.2
E02000678,210000,Lewisham,Inner,East,Labour,6041,10.72,32.36,72.83,50.6,9.16,27.9,81
E02000679,247750,Lewisham,Inner,East,Labour,8465,9.99,35.83,68.75,43.9,8.21,24.9,82.1
E02000680,248500,Lewisham,Inner,East,Labour,9222,11.09,36.07,66.7,41,8.66,23.7,82.3
E02000681,217500,Lewisham,Inner,East,Labour,6136,11.74,33.29,70.76,47.2,9.19,27,80.3
E02000682,235000,Lewisham,Inner,East,Labour,6964,11.87,27.4,68.77,48.2,10.3,27.4,82.8
E02000683,205000,Lewisham,Inner,East,Labour,6730,13.11,35.65,72.22,43,9.92,25,84.3
E02000685,232000,Lewisham,Inner,East,Labour,7982,12.42,35.95,70.27,40.9,9.16,24.1,79
E02000686,203000,Lewisham,Inner,East,Labour,3909,8.57,35.96,69.96,32,11.98,29.1,80.8
E02000687,268000,Lewisham,Inner,East,Labour,10335,11.65,37.54,69.35,44.8,7.66,24,81.5
E02006783,175500,Lewisham,Inner,East,Labour,7830,10.57,29.24,76.44,42.9,11.15,28.3,80.3
E02006784,195000,Lewisham,Inner,East,Labour,5228,14.56,37.85,73.91,45.4,10.85,24.4,83.5
E02006798,183000,Lewisham,Inner,East,Labour,9299,6.22,38.63,51.91,21.4,11.69,25.4,80.7
E02000689,550000,Merton,Outer,South,Other,4155,8.99,24.33,66.9,61.8,3.18,12.7,85.8
E02000690,1175000,Merton,Outer,South,Other,1044,21.99,29.48,66.02,70.6,3.05,11.6,84.6
E02000691,392500,Merton,Outer,South,Other,8063,8.64,29.18,62.94,52.4,3.34,12.3,83
E02000692,497624.5,Merton,Outer,South,Other,6901,15.34,40.34,61.2,50.8,3.23,10.6,91.9
E02000693,250000,Merton,Outer,South,Other,8880,7.47,31.41,54.1,49.4,4.19,16.3,86.4
E02000694,388725,Merton,Outer,South,Other,11677,8.43,31.77,64.67,53.7,3.49,13.9,82
E02000695,297475,Merton,Outer,South,Other,10396,11.88,21.86,46.62,66.8,6.32,22.2,84
E02000696,215000,Merton,Outer,South,Other,11033,6.26,29.7,51.66,44.8,7.23,20.9,82.9
E02000697,447500,Merton,Outer,South,Other,7240,7.73,30.7,62.29,52.8,3.35,11.9,84.8
E02000698,605000,Merton,Outer,South,Other,4516,15.63,29.18,68.37,72.9,3.18,12.6,84.6
E02000699,402500,Merton,Outer,South,Other,8358,10.81,27.36,65.87,64.4,3.58,13.5,86.3
E02000700,217000,Merton,Outer,South,Other,9156,7.65,30.5,56.2,39,7.97,22.5,82.7
E02000701,230000,Merton,Outer,South,Other,8914,10.41,25.68,53.01,53.8,7.07,24,81.5
E02000702,209995,Merton,Outer,South,Other,5028,10.03,29.45,62.07,55.5,9.33,28.4,84.6
E02000703,435000,Merton,Outer,South,Other,5337,16.58,23.44,67.62,76.8,4.04,16,87.3
E02000704,305000,Merton,Outer,South,Other,4759,13.33,34.5,61.1,54,4.14,16.5,82.2
E02000705,247000,Merton,Outer,South,Other,6604,12.17,23.41,58.37,77.2,6.91,25.5,83.7
E02000706,197500,Merton,Outer,South,Other,9674,9.08,29.79,56.68,37.8,9.46,26.5,81.8
E02000707,241000,Merton,Outer,South,Other,6465,9.79,25.98,63.93,54.1,9.69,27.5,84.8
E02000708,345000,Merton,Outer,South,Other,4989,13.19,19.86,66.78,78.5,4.51,17.3,86.5
E02000709,343750,Merton,Outer,South,Other,4455,17.19,23.14,72.7,84.8,4.27,22,84.8
E02000710,228000,Merton,Outer,South,Other,2636,15.11,30.3,64.43,57.3,7.17,23.8,80.3
E02000711,218250,Merton,Outer,South,Other,6264,10.96,28.12,59.38,52.1,7.97,23.7,82.6
E02000712,226000,Merton,Outer,South,Other,5380,13.99,28.46,68.29,53.5,6.66,23.3,84.1
E02000713,270000,Merton,Outer,South,Other,4940,15.98,22.14,79.85,87.6,4,25.6,84.2
E02000714,222500,Newham,Inner,East,Labour,14904,6.74,25.58,48.85,36.6,9.88,26.1,81.2
E02000715,213750,Newham,Inner,East,Labour,17672,7.39,23.9,44.86,34.1,13.54,26.1,78.1
E02000716,202500,Newham,Inner,East,Labour,4818,7.27,26.51,45.97,36.2,11.87,24.8,76.9
E02000717,185000,Newham,Inner,East,Labour,16788,6.43,20.62,42.2,35.1,11.03,25.7,82.4
E02000718,146250,Newham,Inner,East,Labour,11342,7,26.47,49.4,30.9,13,28.8,81.8
E02000719,240000,Newham,Inner,East,Labour,11940,6.91,31.12,46.03,27.7,9.47,25.5,82.3
E02000720,248997.5,Newham,Inner,East,Labour,14296,7.65,22.7,46.93,47.6,9.69,21.4,81.8
E02000721,221750,Newham,Inner,East,Labour,16644,6.78,23.68,41.85,36.6,10.73,25.4,79.5
E02000722,249747.5,Newham,Inner,East,Labour,18486,5.81,27.35,45.27,27.1,8.98,23.3,78.3
E02000723,249999,Newham,Inner,East,Labour,15591,7.47,14.58,38.03,49,9.41,22,81.4
E02000724,204000,Newham,Inner,East,Labour,19479,6.63,16.72,40.81,48.5,10.9,23.9,78.8
E02000725,240000,Newham,Inner,East,Labour,11263,6.53,35.19,46.08,19.9,8.33,25.5,81.5
E02000726,239975,Newham,Inner,East,Labour,2724,5.03,32.13,44.08,19.6,8.49,26.4,81.1
E02000727,233000,Newham,Inner,East,Labour,21601,5.45,18.21,36.34,40.3,9.57,23.2,78.4
E02000728,221250,Newham,Inner,East,Labour,12756,6.41,15.78,35.58,47.6,9.93,21.5,79.6
E02000729,185610,Newham,Inner,East,Labour,10185,7.32,24.33,45.61,39.9,9.37,23.3,82.7
E02000730,176500,Newham,Inner,East,Labour,18115,7.84,18.87,37.82,43.9,10.52,23.2,84.5
E02000731,230000,Newham,Inner,East,Labour,17726,6.6,19.47,35.22,40.4,8.87,21.8,82.7
E02000732,210000,Newham,Inner,East,Labour,17363,7.27,25.54,44.58,28,12.49,26.5,82
E02000733,228750,Newham,Inner,East,Labour,13036,7.29,29.12,50.32,26.2,10.72,27.8,80.5
E02000734,240000,Newham,Inner,East,Labour,20544,7.2,31.18,49.08,22,11.26,26,85.4
E02000735,222000,Newham,Inner,East,Labour,14252,9.06,25.99,40.79,36.8,9.99,24.6,84
E02000736,201000,Newham,Inner,East,Labour,6998,6.87,20.86,48.93,38.7,11.8,26.6,79.3
E02000737,210000,Newham,Inner,East,Labour,11377,8.17,24.45,50.14,46.3,9.89,25.7,84.1
E02000738,216000,Newham,Inner,East,Labour,18833,6.85,21.19,47.28,54.9,8.27,26,84.9
E02000739,202000,Newham,Inner,East,Labour,15527,6.83,25.28,45.81,31.7,10.5,26,82.1
E02000740,192250,Newham,Inner,East,Labour,5328,6.17,32.04,51.85,22.8,13,26.2,75.8
E02000741,186250,Newham,Inner,East,Labour,11101,7.05,24.68,50.07,46,10.84,26.1,82.3
E02000742,207000,Newham,Inner,East,Labour,10353,7.19,21.62,53.38,43.3,10.85,28,80.7
E02000743,220000,Newham,Inner,East,Labour,12934,8.48,32.84,51.42,23.5,13.79,29.5,80.1
E02000744,190000,Newham,Inner,East,Labour,13839,7.29,29.98,53.06,28.3,11.47,26.7,79
E02000745,228000,Newham,Inner,East,Labour,11292,5.33,25.52,50.24,33.1,9.75,25.9,81.5
E02000746,249000,Newham,Inner,East,Labour,1818,4.71,31.43,51.86,22.3,9.91,25.8,81.6
E02000747,223000,Newham,Inner,East,Labour,5739,6.38,33.42,51.17,18,8.82,27.7,80
E02000748,206750,Newham,Inner,East,Labour,4690,5.67,27.13,47.63,39.9,8.62,22.5,88
E02000749,202500,Newham,Inner,East,Labour,5828,7.88,29.65,57.85,22.9,11.69,29.2,74.7
E02000750,246500,Newham,Inner,East,Labour,3332,3.88,30.64,51.74,25.5,8.15,22.8,82
E02000751,387000,Redbridge,Outer,East,Other,3397,20.89,30.02,81.16,81.4,3.7,18.5,82.6
E02000752,218000,Redbridge,Outer,East,Other,1399,15.12,33.73,78,54.5,9.4,30.1,84.5
E02000753,216500,Redbridge,Outer,East,Other,8097,13.45,28.18,77.65,61.9,8.11,26.4,82.8
E02000754,307500,Redbridge,Outer,East,Other,5334,12.9,28.69,76.83,68.5,5.97,23.7,86.1
E02000755,248500,Redbridge,Outer,East,Other,3881,14.99,29.47,80.26,71.3,6.69,26.6,84.3
E02000756,260000,Redbridge,Outer,East,Other,3567,13.43,28.19,74.89,69.7,6.44,27.5,81.9
E02000757,285000,Redbridge,Outer,East,Other,7985,12.16,32.02,77.88,62.2,4.52,17,83.9
E02000758,281000,Redbridge,Outer,East,Other,5250,16.35,23.76,69.66,75,7.98,25.2,84.5
E02000759,315000,Redbridge,Outer,East,Other,5262,10.75,26.81,71.78,64.1,6.6,22.4,83.2
E02000760,262500,Redbridge,Outer,East,Other,6786,15.46,26.79,71.11,63.8,7.71,26.2,83.1
E02000762,327000,Redbridge,Outer,East,Other,7956,16.44,21.95,62.16,81.4,6.78,21.1,85.9
E02000763,250000,Redbridge,Outer,East,Other,902,12.17,23.1,63.09,66.8,7.47,24.3,88.5
E02000764,276000,Redbridge,Outer,East,Other,6052,17.52,39.6,72.8,62.1,4.29,15.9,84.7
E02000765,284995,Redbridge,Outer,East,Other,8836,14.13,22.56,56.89,68.4,6.89,21.2,84.5
E02000767,267500,Redbridge,Outer,East,Other,8770,12.78,22.52,60.28,64,7.28,23,80.9
E02000768,421250,Redbridge,Outer,East,Other,3334,15.54,26.96,76.5,74,4.28,18.2,83.1
E02000769,240000,Redbridge,Outer,East,Other,9654,10.16,25.72,68.36,65.3,7.91,27.8,82.4
E02000770,264262.5,Redbridge,Outer,East,Other,6555,10.41,22.19,52.39,62.7,7.69,21.5,84.2
E02000772,250000,Redbridge,Outer,East,Other,5897,8.83,22.46,54.82,56.6,9.39,22,79.8
E02000773,296500,Redbridge,Outer,East,Other,9966,8.1,16.64,52.5,59.4,8.84,22.3,84.6
E02000774,250000,Redbridge,Outer,East,Other,10823,9.81,20.24,49.72,57.6,10.19,21.6,82.7
E02000776,270000,Redbridge,Outer,East,Other,10848,9.35,23.19,53.53,58.6,9.44,19.1,84.6
E02000777,445000,Redbridge,Outer,East,Other,1690,14.78,30.61,77.9,69.2,5.3,18.7,83.1
E02000779,250000,Redbridge,Outer,East,Other,8993,8.1,29.75,46.6,38.3,11.83,20.1,83
E02000780,200000,Redbridge,Outer,East,Other,11962,7.38,18.43,44.41,45.4,10.47,23.4,82.6
E02000781,250000,Redbridge,Outer,East,Other,7533,11.67,19.64,58.91,71.7,8.35,23.1,82.8
E02000782,190000,Redbridge,Outer,East,Other,13766,7.12,20.52,44.53,39.9,13.36,23.1,79.5
E02000783,215000,Redbridge,Outer,East,Other,13031,7.68,20.62,49.7,42.6,12.82,25.6,79.9
E02006800,216000,Redbridge,Outer,East,Other,8280,7.85,23.57,53.73,57.3,9.84,22.8,80.8
E02006924,327500,Redbridge,Outer,East,Other,5340,12.94,21.37,55.5,68.3,8.04,18.3,82.1
E02006925,345000,Redbridge,Outer,East,Other,5367,14.59,16.65,61.23,80.8,6.34,20.1,85
E02000784,727555,Richmond upon Thames,Outer,West,Conservative,3904,15.23,30.61,67.82,57.5,4.49,13,86.6
E02000785,623000,Richmond upon Thames,Outer,West,Conservative,2384,16.26,34.08,71.54,63.9,3.66,11.2,86.6
E02000786,542500,Richmond upon Thames,Outer,West,Conservative,6025,12.32,35.66,74.37,58.1,4.3,13.5,84.1
E02000787,445000,Richmond upon Thames,Outer,West,Conservative,6259,12.6,34.38,69.05,51.5,4.85,14.2,85.6
E02000788,628750,Richmond upon Thames,Outer,West,Conservative,8172,13.05,30.2,75.95,66.5,3.06,13.1,86.6
E02000789,499999,Richmond upon Thames,Outer,West,Conservative,3419,14.74,41.57,69.35,50.2,3.47,12.9,84.4
E02000790,560000,Richmond upon Thames,Outer,West,Conservative,7928,9.36,29.32,77.49,67.6,2.61,11.9,85
E02000791,537000,Richmond upon Thames,Outer,West,Conservative,5690,14.4,42.33,63.42,50.4,3.06,10.9,88.4
E02000792,545000,Richmond upon Thames,Outer,West,Conservative,5654,14.42,37.71,71.66,58.8,3.58,12.7,81.6
E02000793,332000,Richmond upon Thames,Outer,West,Conservative,6138,15.98,26.53,76.05,70.5,4.67,21,83.8
E02000794,390000,Richmond upon Thames,Outer,West,Conservative,4600,12.99,26.5,76.74,74.1,3.54,15.2,87.3
E02000795,826000,Richmond upon Thames,Outer,West,Conservative,555,18.81,28.1,73.98,75,3.87,13.8,89
E02000796,315000,Richmond upon Thames,Outer,West,Conservative,5421,15.35,25.4,73.37,65.3,6.17,22.3,84.6
E02000797,391500,Richmond upon Thames,Outer,West,Conservative,7836,9.55,36.24,79.21,62.1,2.84,12.2,84.2
E02000798,366000,Richmond upon Thames,Outer,West,Conservative,4385,12.14,27.78,78.89,71.7,3.87,17.4,86.1
E02000799,442500,Richmond upon Thames,Outer,West,Conservative,5088,12.02,30.98,80.76,71.5,2.67,13.3,83.8
E02000800,356625,Richmond upon Thames,Outer,West,Conservative,2868,15.09,31.17,70.89,60.1,7.34,17.5,85.4
E02000801,459000,Richmond upon Thames,Outer,West,Conservative,6741,11.71,32.57,83.32,72.6,2.97,14.5,87.2
E02000802,427500,Richmond upon Thames,Outer,West,Conservative,4742,14.93,31.69,83.36,71.3,3.51,15.5,83
E02000803,315000,Richmond upon Thames,Outer,West,Conservative,4791,16.78,32.84,79.91,62.1,4.97,18.5,85.8
E02000804,435000,Richmond upon Thames,Outer,West,Conservative,1908,14.34,35.9,81.65,63.2,3.57,13.3,83.4
E02000805,382250,Richmond upon Thames,Outer,West,Conservative,3797,13.59,36.88,79.75,62.3,4.29,13.9,85
E02000806,370000,Richmond upon Thames,Outer,West,Conservative,1461,16.66,29.08,83.3,68.2,3.7,17.4,84.6
E02000807,338500,Southwark,Inner,Central,Labour,12377,5.07,30.15,55.72,40.6,4.85,15.8,85.8
E02000808,535000,Southwark,Inner,Central,Labour,8828,7.07,41.3,59.69,23.9,6.03,16.4,91
E02000809,490500,Southwark,Inner,Central,Labour,15887,3.76,37.43,58.49,33.2,3.96,16.1,93.3
E02000810,355000,Southwark,Inner,Central,Labour,14438,7.47,36.91,62.13,21.8,8.8,23.8,80.5
E02000812,312500,Southwark,Inner,Central,Labour,14887,7.03,36.26,57.68,20.7,7.6,22.2,81.7
E02000813,305000,Southwark,Inner,Central,Labour,9851,8.44,35.02,58.89,20.4,9.01,23,82.8
E02000814,309250,Southwark,Inner,Central,Labour,8951,5.45,31.91,55.19,36,5.2,15.5,79.8
E02000815,415000,Southwark,Inner,Central,Labour,15251,4.36,32,53.96,20.7,5.55,17.9,87.7
E02000816,215000,Southwark,Inner,Central,Labour,12226,8.21,35.36,62.65,22.8,9.88,25.1,82.3
E02000817,228250,Southwark,Inner,Central,Labour,9802,12.17,38.63,63.34,12.9,11.79,25.2,81.1
E02000818,261500,Southwark,Inner,Central,Labour,12817,9.55,35.41,59.12,16.9,8.99,23.8,82.9
E02000819,248975,Southwark,Inner,Central,Labour,16126,7.21,36.31,57.1,17,9.58,24.7,84.7
E02000820,315000,Southwark,Inner,Central,Labour,19738,7.46,37.83,58.09,22.2,9.19,23.8,82.4
E02000821,219000,Southwark,Inner,Central,Labour,11669,7.52,28.83,52.96,13.5,12.43,27.3,84.2
E02000822,238250,Southwark,Inner,Central,Labour,16559,6.79,33.06,54.26,11,12.01,29.5,82.5
E02000823,310000,Southwark,Inner,Central,Labour,12236,8.54,32.58,56.63,25.1,9.17,24.4,84
E02000824,207500,Southwark,Inner,Central,Labour,10062,7.68,30.12,52.72,14.2,13.22,30.9,84.3
E02000825,197000,Southwark,Inner,Central,Labour,18159,5.96,26.77,51.77,15.8,12.32,33.9,77.1
E02000826,204000,Southwark,Inner,Central,Labour,16568,7.62,33.88,57.48,23.5,10.35,26.5,79.3
E02000827,290000,Southwark,Inner,Central,Labour,15334,7.22,36.25,50.44,14.2,10.34,27.1,79.1
E02000828,209950,Southwark,Inner,Central,Labour,13495,6.85,30.5,51.39,20.2,12.51,30.2,83.1
E02000829,271000,Southwark,Inner,Central,Labour,13697,8.36,36.53,56.61,26.8,11.91,28.5,79.5
E02000830,315000,Southwark,Inner,Central,Labour,10767,8.23,33.94,65.67,40.9,7.04,19.3,82.3
E02000831,350000,Southwark,Inner,Central,Labour,11913,8.09,32.77,66.06,38.8,7.06,21.3,82.8
E02000832,289835,Southwark,Inner,Central,Labour,11930,9.94,35.53,64.13,28.3,9.16,27.7,81.8
E02000833,247500,Southwark,Inner,Central,Labour,9438,6.98,28.79,60.55,33.9,8.21,22.5,89.8
E02000834,425000,Southwark,Inner,Central,Labour,7640,8.29,35.68,72.67,43.9,5.17,17.4,86.5
E02000835,318000,Southwark,Inner,Central,Labour,4978,8.78,27.99,70.25,51.1,8.54,22.1,84.9
E02000836,480000,Southwark,Inner,Central,Labour,10976,9.1,26.59,75.05,57.2,4.92,16.8,84.8
E02000837,717500,Southwark,Inner,Central,Labour,3785,11.76,21.7,78.76,68.1,3.55,12,84
E02000838,315000,Southwark,Inner,Central,Labour,8705,9.34,29.83,72.98,51.7,5.96,19.7,84.2
E02000839,268000,Southwark,Inner,Central,Labour,2949,13.21,31.06,69.57,53.4,6.67,18.4,87.1
E02006802,342500,Southwark,Inner,Central,Labour,11145,6.87,38.12,59.07,24,9.1,18.2,87.8
E02000840,200500,Sutton,Outer,South,Other,6141,9.86,29.1,80,42.2,8.29,29.5,82.1
E02000841,202000,Sutton,Outer,South,Other,7718,10.41,28.01,76.14,43.2,8.49,27.4,82.3
E02000842,250000,Sutton,Outer,South,Other,4730,16.13,23.17,79.95,83,3.77,26.2,85.7
E02000843,178997.5,Sutton,Outer,South,Other,5948,10.94,35.04,81.87,64.7,5.83,25.5,83.9
E02000844,236500,Sutton,Outer,South,Other,7823,12.25,28.55,83.56,65.6,6.17,28,84.1
E02000845,295000,Sutton,Outer,South,Other,6185,11.12,24.34,77.7,73.3,4.49,24.9,85
E02000846,250000,Sutton,Outer,South,Other,5232,17.28,24.08,79.4,79.2,4.48,24.3,82.1
E02000847,274950,Sutton,Outer,South,Other,5783,20.34,27.86,82.88,85.1,4.2,22.4,85.1
E02000848,274250,Sutton,Outer,South,Other,6839,14.82,21.17,85.08,88.1,3.45,25.9,90.3
E02000849,250000,Sutton,Outer,South,Other,6419,13.5,29.91,84.17,68.6,5.45,25.1,79.4
E02000850,247650,Sutton,Outer,South,Other,2097,13.82,25.44,83.44,79.9,5,24.8,84.4
E02000851,181000,Sutton,Outer,South,Other,7591,14.3,43.83,71.8,47.5,7.17,21.7,81
E02000852,240000,Sutton,Outer,South,Other,7938,12.48,30.13,81.52,74.7,5.34,22.4,83.8
E02000853,250000,Sutton,Outer,South,Other,6183,12.33,29.65,79.24,71.7,5.1,23.3,83.4
E02000854,287500,Sutton,Outer,South,Other,4420,14.95,29.13,86.24,74.5,4.44,19.9,84.2
E02000855,365000,Sutton,Outer,South,Other,4233,17.66,25.27,83.87,81.3,3.46,20.1,84.2
E02000856,197995,Sutton,Outer,South,Other,6781,14.89,33.73,80.9,70.7,4.55,19.5,85
E02000857,205000,Sutton,Outer,South,Other,7947,16.22,46.48,67.89,55.8,4.98,16.5,81.2
E02000858,210000,Sutton,Outer,South,Other,5136,10.62,33.26,80.5,33,9.53,26.5,82.6
E02000859,234000,Sutton,Outer,South,Other,4835,20.04,32.99,83.32,71.8,4.99,21.4,84
E02000860,174000,Sutton,Outer,South,Other,9036,14.92,48.15,69.7,44.9,5.34,18.8,81.1
E02000861,423750,Sutton,Outer,South,Other,2928,18.98,17.93,83.29,87.9,3.32,18.3,86.1
E02000863,410000,Sutton,Outer,South,Other,956,18.38,20.27,83.37,83.3,4.52,22.3,82.7
E02006836,370000,Sutton,Outer,South,Other,2510,21.59,23.94,78.8,84,3.21,17.9,84
E02000864,265000,Tower Hamlets,Inner,East,Labour,6714,9.76,34.89,69.36,18.6,11.55,24.7,78.8
E02000865,283000,Tower Hamlets,Inner,East,Labour,15864,7.44,35.61,62.5,17.3,11.54,22,83.1
E02000866,367500,Tower Hamlets,Inner,East,Labour,8513,8.4,31.13,70.73,34.1,7.73,18,80.2
E02000867,264000,Tower Hamlets,Inner,East,Labour,12596,5.25,33.5,65.77,26,6.68,18.7,81.6
E02000868,327500,Tower Hamlets,Inner,East,Labour,19073,6.6,32.47,59.97,26.2,7.66,18.5,77.9
E02000869,385000,Tower Hamlets,Inner,East,Labour,17757,8.58,37.99,60.44,27.5,9.41,19.3,78.6
E02000870,268000,Tower Hamlets,Inner,East,Labour,16471,7.81,32.93,65,26.5,9.6,19.8,79.7
E02000871,245000,Tower Hamlets,Inner,East,Labour,13824,5.91,31.28,55.56,15.7,13.34,24.9,81.1
E02000872,356500,Tower Hamlets,Inner,East,Labour,17118,5.57,33.97,57.47,21.7,9.22,20.8,84.7
E02000873,305750,Tower Hamlets,Inner,East,Labour,17514,5.54,31.91,55.18,23.7,10.06,19.3,83.5
E02000874,286000,Tower Hamlets,Inner,East,Labour,20674,5.91,34.84,55.35,18.6,11.3,22.1,81
E02000875,249995,Tower Hamlets,Inner,East,Labour,15340,4.82,31.39,58.45,16.1,13.53,23.9,84.8
E02000876,249997.5,Tower Hamlets,Inner,East,Labour,13463,4.51,37.02,53.66,23.7,10.76,17.9,86.3
E02000877,250000,Tower Hamlets,Inner,East,Labour,12758,5.81,27,55.54,19,13.59,21,78.2
E02000878,400000,Tower Hamlets,Inner,East,Labour,16864,5.52,37.62,49.33,25.7,10.85,18.1,80.5
E02000879,355000,Tower Hamlets,Inner,East,Labour,17583,10.31,36.08,59.04,24.3,10.01,18.4,81.8
E02000880,250000,Tower Hamlets,Inner,East,Labour,15847,6.75,34.55,53.81,24.1,9.83,17.2,78.9
E02000881,245000,Tower Hamlets,Inner,East,Labour,9977,5.8,30.39,60.91,21.9,14.99,24.4,80.6
E02000882,280775,Tower Hamlets,Inner,East,Labour,15116,6.6,30.72,61.19,14.8,14.44,20.5,81.2
E02000883,207500,Tower Hamlets,Inner,East,Labour,17233,7.96,32.08,60.11,15.2,15.92,25.1,81.4
E02000884,330039,Tower Hamlets,Inner,East,Labour,17162,4.67,34.34,49.52,18.5,7.47,16,83.1
E02000885,242500,Tower Hamlets,Inner,East,Labour,20414,8.68,34.2,55.72,16.8,13.29,21.6,81.3
E02000886,315000,Tower Hamlets,Inner,East,Labour,15195,5.86,35.86,54.55,32.5,8.19,17,80.5
E02000887,238500,Tower Hamlets,Inner,East,Labour,15266,6.55,29.95,57.61,19.4,13,24.3,78
E02000888,345000,Tower Hamlets,Inner,East,Labour,15903,4.67,34.48,54.17,27.4,8.58,17.2,79.9
E02000889,305000,Tower Hamlets,Inner,East,Labour,11917,5.65,38.62,57.35,33,6.92,15.3,80.4
E02000890,476250,Tower Hamlets,Inner,East,Labour,10439,7.25,45.88,59.88,46.2,3.85,12.9,83.8
E02000891,360000,Tower Hamlets,Inner,East,Labour,8825,3.34,35.35,46.97,23.5,7.36,16.6,84.8
E02000893,265000,Tower Hamlets,Inner,East,Labour,9698,7.24,34.51,59.74,30.9,8.14,17.4,82.5
E02000894,330000,Tower Hamlets,Inner,East,Labour,19531,3.87,34.28,51.03,33,6.71,14,85.5
E02006853,326805,Tower Hamlets,Inner,East,Labour,15504,4.2,41.05,47.79,21.6,9.07,16.6,86.5
E02006854,410000,Tower Hamlets,Inner,East,Labour,7104,2.68,41.36,42.44,26.1,5.12,16.6,86.5
E02000895,250000,Waltham Forest,Outer,East,Labour,3615,22.54,31.92,82.91,66.7,7.3,26.4,83.9
E02000896,273000,Waltham Forest,Outer,East,Labour,3110,19.27,34.43,86.98,72.8,5.84,21.5,82.6
E02000897,235000,Waltham Forest,Outer,East,Labour,4326,17.19,32.77,82.88,59.4,7.89,25.8,80.8
E02000898,275000,Waltham Forest,Outer,East,Labour,5023,16.94,28.91,83.23,67.3,7.26,23.4,83
E02000899,250000,Waltham Forest,Outer,East,Labour,6615,16.43,28.06,78.04,74.7,6.53,26.2,83.6
E02000900,240750,Waltham Forest,Outer,East,Labour,5252,12.54,26.52,72.8,65.8,8.05,26.3,80.2
E02000901,250000,Waltham Forest,Outer,East,Labour,5502,13.61,26.01,83.54,73.5,5.61,23.6,83
E02000902,233500,Waltham Forest,Outer,East,Labour,6803,10.67,28.57,70.54,61.5,8.39,27.6,85.8
E02000903,230000,Waltham Forest,Outer,East,Labour,4670,8.93,26.2,62.21,43,11.91,26.4,83.3
E02000904,249999.5,Waltham Forest,Outer,East,Labour,5762,8.61,24.83,65.07,61.3,8.38,25.5,83.9
E02000905,250000,Waltham Forest,Outer,East,Labour,9424,8.75,26.52,59.97,53.1,7.86,23.9,84.4
E02000906,220000,Waltham Forest,Outer,East,Labour,15216,7.75,29.43,57.87,47.4,8.52,20.9,81.3
E02000907,250000,Waltham Forest,Outer,East,Labour,11460,9.34,36.6,59.1,30.4,14.72,23.9,80.5
E02000908,218497.5,Waltham Forest,Outer,East,Labour,4683,7.03,34.66,55.08,43.6,7.01,21.6,83
E02000909,312500,Waltham Forest,Outer,East,Labour,6365,8.88,32.7,64.72,51.8,6.87,20.1,82.4
E02000910,267175,Waltham Forest,Outer,East,Labour,13836,8.2,31.14,52.65,46.3,7.98,18.9,80.4
E02000911,217250,Waltham Forest,Outer,East,Labour,12624,6.92,31.54,52.24,40.6,8.56,20.2,78.3
E02000912,246500,Waltham Forest,Outer,East,Labour,3730,9.51,26.82,56.26,46.7,8.64,23.8,80.4
E02000913,272250,Waltham Forest,Outer,East,Labour,8400,10.41,26.15,55.55,55.4,8.05,21.2,81.5
E02000914,199000,Waltham Forest,Outer,East,Labour,15581,8.31,31.85,49.07,31.2,11.58,25.3,77.1
E02000915,237500,Waltham Forest,Outer,East,Labour,5934,8.26,31.98,59.91,44.4,8.78,18.2,78.6
E02000916,192000,Waltham Forest,Outer,East,Labour,4289,7.08,28.89,50.99,46.8,9.08,24.7,80.5
E02000917,212500,Waltham Forest,Outer,East,Labour,13736,6.97,28.18,50.5,44.9,7.52,22.5,82.1
E02000918,295000,Waltham Forest,Outer,East,Labour,11059,7.18,30.18,55.79,38.1,9.01,20.6,81.9
E02000919,235000,Waltham Forest,Outer,East,Labour,16714,7.87,25.64,45.2,45.7,8.18,22.5,81.7
E02000920,232500,Waltham Forest,Outer,East,Labour,5545,7.22,29.38,48.05,33.3,10.33,24.5,80.1
E02000921,226750,Waltham Forest,Outer,East,Labour,13301,7.2,29.48,51.82,27.2,12.02,24.1,81.8
E02000922,226000,Waltham Forest,Outer,East,Labour,16402,7.01,26.44,49.68,43.7,8.99,25.8,78.2
E02000923,495000,Wandsworth,Inner,South,Conservative,7270,12.75,39.87,60.22,50.4,3.93,12.1,78.9
E02000924,383250,Wandsworth,Inner,South,Conservative,5738,7.42,40.93,53.86,25.5,7.35,22,84.3
E02000925,410000,Wandsworth,Inner,South,Conservative,17997,9.14,36.11,62.07,29.5,8.02,18.6,81.2
E02000926,436650,Wandsworth,Inner,South,Conservative,14479,8.87,37.5,61.13,41.2,5,15.3,80.2
E02000927,455000,Wandsworth,Inner,South,Conservative,15548,9.82,35.25,73.36,33.2,5.54,16.4,80.5
E02000928,650000,Wandsworth,Inner,South,Conservative,8889,10.88,29.19,73.33,58.9,3.42,12.1,84.8
E02000929,250000,Wandsworth,Inner,South,Conservative,17963,10.28,37.24,58.02,21.7,10.14,25.3,84.5
E02000930,480000,Wandsworth,Inner,South,Conservative,12388,5.89,30.37,66.29,41.9,3.73,12.6,81
E02000931,580000,Wandsworth,Inner,South,Conservative,11139,6.16,27.46,70.89,57.6,2.51,10.9,86.6
E02000932,440000,Wandsworth,Inner,South,Conservative,8131,7.22,32.11,63.05,47.3,2.59,11,86.9
E02000933,435000,Wandsworth,Inner,South,Conservative,7999,12.68,32.72,65.88,54.9,3.26,12.4,87
E02000934,470000,Wandsworth,Inner,South,Conservative,11949,5.98,33.78,68.7,41.3,3.83,14,80.3
E02000935,249950,Wandsworth,Inner,South,Conservative,4906,10.18,34.81,64.28,22.3,9.54,17.3,82.1
E02000936,400000,Wandsworth,Inner,South,Conservative,9431,12.63,38.21,59.34,44.2,3.93,12.2,84.3
E02000937,594700,Wandsworth,Inner,South,Conservative,6397,6.75,27.86,74.81,57.9,3.37,12.4,87.7
E02000938,431000,Wandsworth,Inner,South,Conservative,5562,13.35,35.49,62.29,42.4,6.21,16.3,80.3
E02000939,999950,Wandsworth,Inner,South,Conservative,11033,10.31,23.02,73.93,65.9,2.98,11.2,81.9
E02000940,309000,Wandsworth,Inner,South,Conservative,11241,7.69,33.17,61.14,36.7,5.15,18.8,86.9
E02000941,435500,Wandsworth,Inner,South,Conservative,9492,7.84,28.99,73.51,56.4,3.9,13.6,82
E02000942,500000,Wandsworth,Inner,South,Conservative,9130,10.39,25.75,64.48,61.1,2.99,12.3,87.4
E02000943,500000,Wandsworth,Inner,South,Conservative,11864,7.42,32.17,70.98,49.2,4.26,13.1,84
E02000944,250000,Wandsworth,Inner,South,Conservative,12008,9.01,31.06,56.54,33,5.81,18.5,76.5
E02000945,222500,Wandsworth,Inner,South,Conservative,3547,10.55,32.81,59.42,31.6,7.12,19.9,80
E02000946,370000,Wandsworth,Inner,South,Conservative,7852,7.43,28.18,66.44,47.7,5.88,18.8,83.2
E02000947,474000,Wandsworth,Inner,South,Conservative,9994,8.47,30.73,67.44,58.6,3.14,12.8,83.9
E02000948,390750,Wandsworth,Inner,South,Conservative,7326,7.63,31.58,70.27,46.8,3.66,13.2,84
E02000949,520000,Wandsworth,Inner,South,Conservative,6822,9.3,31.51,74.54,57.7,2.9,12.4,78.1
E02000950,295000,Wandsworth,Inner,South,Conservative,8579,10.44,31.58,55.44,50.1,5.61,13.9,83.5
E02000951,390000,Wandsworth,Inner,South,Conservative,13116,8.51,34.62,69.64,45.2,5.14,14.7,83.6
E02000952,405000,Wandsworth,Inner,South,Conservative,10652,8.2,32.87,69.87,43.6,5.28,14.2,86.1
E02000953,430000,Wandsworth,Inner,South,Conservative,10562,6.28,36.97,67.87,47.7,3.48,14.4,85.5
E02000954,416250,Wandsworth,Inner,South,Conservative,13977,10.18,23.18,57.47,54.7,5.87,14.4,84.8
E02000955,347500,Wandsworth,Inner,South,Conservative,11765,10.71,25.84,57.57,43.1,7.38,17.7,82.2
E02000956,277500,Wandsworth,Inner,South,Conservative,8909,7.56,30.4,55.78,31.8,7.5,15.2,79
E02000957,295000,Wandsworth,Inner,South,Conservative,14576,8.64,28.15,54.37,42.9,5.72,16.1,85
E02000958,350000,Wandsworth,Inner,South,Conservative,9501,10.94,28.49,65.99,61.4,6.04,17.5,82.5
E02000959,249000,Wandsworth,Inner,South,Conservative,14570,8.4,33.83,60.13,46.4,8.87,19.3,80.3
E02000960,750000,Westminster,Inner,Central,Conservative,7295,16.94,40.79,43.25,43.4,5.11,13.6,87.4
E02000961,485000,Westminster,Inner,Central,Conservative,11851,11.78,35.41,48.21,38.2,6.43,14.3,88.1
E02000962,500000,Westminster,Inner,Central,Conservative,12518,17.72,50.41,39.19,32.5,5.75,13.6,86.7
E02000963,442384,Westminster,Inner,Central,Conservative,21836,9.9,33.35,57.46,23.5,11.59,23.4,83.1
E02000964,317500,Westminster,Inner,Central,Conservative,25164,8.59,39.39,52.19,21.4,10.77,20.9,82.3
E02000965,520000,Westminster,Inner,Central,Conservative,17619,7.01,35.82,50.45,35.8,5.76,13.5,87
E02000966,735000,Westminster,Inner,Central,Conservative,17089,10.08,41.28,47.3,43,4.32,12.5,87.2
E02000967,755000,Westminster,Inner,Central,Conservative,5425,11.3,43.5,37.37,40.2,4.21,11.6,88.6
E02000968,370000,Westminster,Inner,Central,Conservative,24021,11.32,37.65,47.37,17.3,14.08,19.4,81.5
E02000969,360000,Westminster,Inner,Central,Conservative,17466,10.31,35.47,48.05,17.5,11.47,21.1,80.5
E02000970,963000,Westminster,Inner,Central,Conservative,8581,12.56,48.44,41.62,30.8,3.24,12,86.4
E02000971,635000,Westminster,Inner,Central,Conservative,15396,10.81,49.77,39.66,30,4.99,11.8,91.3
E02000972,710000,Westminster,Inner,Central,Conservative,6672,9.47,55.56,44.13,21.9,5.76,14.2,85
E02000973,606500,Westminster,Inner,Central,Conservative,18582,10.13,48.38,47.23,34.9,5.38,13.5,83.6
E02000974,580000,Westminster,Inner,Central,Conservative,12956,11.21,50.71,36.89,33.3,7.52,12.3,85.3
E02000975,736250,Westminster,Inner,Central,Conservative,18437,7.49,49.51,35.22,31.5,4.89,11.2,86.7
E02000976,610000,Westminster,Inner,Central,Conservative,21278,9.24,47.17,33.91,30.7,6.53,12.2,85.7
E02000977,887000,Westminster,Inner,Central,Conservative,3241,11.92,55.58,45.82,25.3,4.77,15.5,87.2
E02000978,2930000,Westminster,Inner,Central,Conservative,2636,13.53,45.05,40.37,46.1,2.65,13.7,93.7
E02000979,877500,Westminster,Inner,Central,Conservative,6020,12.02,48.02,53.62,31.5,6.46,15.7,92.2
E02000980,556000,Westminster,Inner,Central,Conservative,20152,13.46,47.18,55.99,29.7,7.11,16.7,85
E02000981,592500,Westminster,Inner,Central,Conservative,25054,9.91,47.99,57.08,35.7,5.17,12.5,86.9
E02000982,680000,Westminster,Inner,Central,Conservative,13125,13.31,48.23,54.55,24.2,7.22,17.7,92.8
E02000983,535000,Westminster,Inner,Central,Conservative,22924,15.57,50.34,58.69,23.8,6.16,15,86.5
